norma_id,norma,escala,tipo,uso,parametro_id,parametro,minimo,maximo,umbral_ligero,umbral_severo,unidad,expresado_como,tipo_de_valor,condicion,nota,cita
caa982,"Código Alimentario Argentino, art. 982",Nacional · Argentina,Obligatoria para agua de red,consumo,turb,Turbiedad,,3,,,NTU,,estetico,,,"Código Alimentario Argentino (Ley 18.284), Capítulo XII, artículo 982, texto según Resolución Conjunta SCS–SAByDR 33/2023."
caa982,"Código Alimentario Argentino, art. 982",Nacional · Argentina,Obligatoria para agua de red,consumo,color,Color,,5,,,Pt-Co,,estetico,,,"Código Alimentario Argentino (Ley 18.284), Capítulo XII, artículo 982, texto según Resolución Conjunta SCS–SAByDR 33/2023."
caa982,"Código Alimentario Argentino, art. 982",Nacional · Argentina,Obligatoria para agua de red,consumo,ph,pH,6.5,8.5,,,unid. pH,,operativo,,,"Código Alimentario Argentino (Ley 18.284), Capítulo XII, artículo 982, texto según Resolución Conjunta SCS–SAByDR 33/2023."
caa982,"Código Alimentario Argentino, art. 982",Nacional · Argentina,Obligatoria para agua de red,consumo,nh4,Amonio,,0.2,,,mg/L,NH4,salud,,,"Código Alimentario Argentino (Ley 18.284), Capítulo XII, artículo 982, texto según Resolución Conjunta SCS–SAByDR 33/2023."
caa982,"Código Alimentario Argentino, art. 982",Nacional · Argentina,Obligatoria para agua de red,consumo,sb,Antimonio,,0.02,,,mg/L,,salud,,,"Código Alimentario Argentino (Ley 18.284), Capítulo XII, artículo 982, texto según Resolución Conjunta SCS–SAByDR 33/2023."
caa982,"Código Alimentario Argentino, art. 982",Nacional · Argentina,Obligatoria para agua de red,consumo,al,Aluminio,,0.2,,,mg/L,,salud,,Aluminio residual.,"Código Alimentario Argentino (Ley 18.284), Capítulo XII, artículo 982, texto según Resolución Conjunta SCS–SAByDR 33/2023."
caa982,"Código Alimentario Argentino, art. 982",Nacional · Argentina,Obligatoria para agua de red,consumo,as,Arsénico,,0.01,,,mg/L,,salud,,"Para regiones con alto contenido natural de arsénico, el CAA previó un plazo de adecuación desde 0,05 mg/l, prorrogado hasta completar los estudios de hidroarsenicismo. Verificar la situación de la jurisdicción.","Código Alimentario Argentino (Ley 18.284), Capítulo XII, artículo 982, texto según Resolución Conjunta SCS–SAByDR 33/2023."
caa982,"Código Alimentario Argentino, art. 982",Nacional · Argentina,Obligatoria para agua de red,consumo,b,Boro,,2.4,,,mg/L,,salud,,"2,4 mg/l desde la Res. Conj. 33/2023 (antes 0,5 mg/l).","Código Alimentario Argentino (Ley 18.284), Capítulo XII, artículo 982, texto según Resolución Conjunta SCS–SAByDR 33/2023."
caa982,"Código Alimentario Argentino, art. 982",Nacional · Argentina,Obligatoria para agua de red,consumo,bro3,Bromato,,0.01,,,mg/L,,salud,,,"Código Alimentario Argentino (Ley 18.284), Capítulo XII, artículo 982, texto según Resolución Conjunta SCS–SAByDR 33/2023."
caa982,"Código Alimentario Argentino, art. 982",Nacional · Argentina,Obligatoria para agua de red,consumo,cd,Cadmio,,0.005,,,mg/L,,salud,,,"Código Alimentario Argentino (Ley 18.284), Capítulo XII, artículo 982, texto según Resolución Conjunta SCS–SAByDR 33/2023."
caa982,"Código Alimentario Argentino, art. 982",Nacional · Argentina,Obligatoria para agua de red,consumo,cn,Cianuro,,0.1,,,mg/L,,salud,,,"Código Alimentario Argentino (Ley 18.284), Capítulo XII, artículo 982, texto según Resolución Conjunta SCS–SAByDR 33/2023."
caa982,"Código Alimentario Argentino, art. 982",Nacional · Argentina,Obligatoria para agua de red,consumo,zn,Cinc,,5,,,mg/L,,salud,,,"Código Alimentario Argentino (Ley 18.284), Capítulo XII, artículo 982, texto según Resolución Conjunta SCS–SAByDR 33/2023."
caa982,"Código Alimentario Argentino, art. 982",Nacional · Argentina,Obligatoria para agua de red,consumo,cl,Cloruro,,350,,,mg/L,,salud,,,"Código Alimentario Argentino (Ley 18.284), Capítulo XII, artículo 982, texto según Resolución Conjunta SCS–SAByDR 33/2023."
caa982,"Código Alimentario Argentino, art. 982",Nacional · Argentina,Obligatoria para agua de red,consumo,cu,Cobre,,1,,,mg/L,,salud,,,"Código Alimentario Argentino (Ley 18.284), Capítulo XII, artículo 982, texto según Resolución Conjunta SCS–SAByDR 33/2023."
caa982,"Código Alimentario Argentino, art. 982",Nacional · Argentina,Obligatoria para agua de red,consumo,cr,Cromo total,,0.05,,,mg/L,,salud,,,"Código Alimentario Argentino (Ley 18.284), Capítulo XII, artículo 982, texto según Resolución Conjunta SCS–SAByDR 33/2023."
caa982,"Código Alimentario Argentino, art. 982",Nacional · Argentina,Obligatoria para agua de red,consumo,dureza,Dureza total,,400,,,mg/L CaCO₃,,estetico,,,"Código Alimentario Argentino (Ley 18.284), Capítulo XII, artículo 982, texto según Resolución Conjunta SCS–SAByDR 33/2023."
caa982,"Código Alimentario Argentino, art. 982",Nacional · Argentina,Obligatoria para agua de red,consumo,f,Fluoruro,,,,,mg/L,,salud,"Según temperatura media anual: de 1,7 a 0,8 mg/L","El límite depende de la temperatura media y máxima del año del lugar (tabla del art. 982): de 1,7 mg/l (10–12 °C) a 0,8 mg/l (26,3–32,6 °C). Se carga por sitio.","Código Alimentario Argentino (Ley 18.284), Capítulo XII, artículo 982, texto según Resolución Conjunta SCS–SAByDR 33/2023."
caa982,"Código Alimentario Argentino, art. 982",Nacional · Argentina,Obligatoria para agua de red,consumo,fe,Hierro,,0.3,,,mg/L,,salud,,,"Código Alimentario Argentino (Ley 18.284), Capítulo XII, artículo 982, texto según Resolución Conjunta SCS–SAByDR 33/2023."
caa982,"Código Alimentario Argentino, art. 982",Nacional · Argentina,Obligatoria para agua de red,consumo,mn,Manganeso,,0.1,,,mg/L,,salud,,"La Res. Conj. 33/2023 admite hasta 0,4 mg/l en zonas con alto contenido natural de manganeso.","Código Alimentario Argentino (Ley 18.284), Capítulo XII, artículo 982, texto según Resolución Conjunta SCS–SAByDR 33/2023."
caa982,"Código Alimentario Argentino, art. 982",Nacional · Argentina,Obligatoria para agua de red,consumo,hg,Mercurio,,0.001,,,mg/L,,salud,,,"Código Alimentario Argentino (Ley 18.284), Capítulo XII, artículo 982, texto según Resolución Conjunta SCS–SAByDR 33/2023."
caa982,"Código Alimentario Argentino, art. 982",Nacional · Argentina,Obligatoria para agua de red,consumo,ni,Níquel,,0.02,,,mg/L,,salud,,,"Código Alimentario Argentino (Ley 18.284), Capítulo XII, artículo 982, texto según Resolución Conjunta SCS–SAByDR 33/2023."
caa982,"Código Alimentario Argentino, art. 982",Nacional · Argentina,Obligatoria para agua de red,consumo,no3,Nitrato,,45,,,mg/L,NO3,salud,,,"Código Alimentario Argentino (Ley 18.284), Capítulo XII, artículo 982, texto según Resolución Conjunta SCS–SAByDR 33/2023."
caa982,"Código Alimentario Argentino, art. 982",Nacional · Argentina,Obligatoria para agua de red,consumo,no2,Nitrito,,0.1,,,mg/L,NO2,salud,,,"Código Alimentario Argentino (Ley 18.284), Capítulo XII, artículo 982, texto según Resolución Conjunta SCS–SAByDR 33/2023."
caa982,"Código Alimentario Argentino, art. 982",Nacional · Argentina,Obligatoria para agua de red,consumo,ag,Plata,,0.05,,,mg/L,,salud,,,"Código Alimentario Argentino (Ley 18.284), Capítulo XII, artículo 982, texto según Resolución Conjunta SCS–SAByDR 33/2023."
caa982,"Código Alimentario Argentino, art. 982",Nacional · Argentina,Obligatoria para agua de red,consumo,pb,Plomo,,0.05,,,mg/L,,salud,,,"Código Alimentario Argentino (Ley 18.284), Capítulo XII, artículo 982, texto según Resolución Conjunta SCS–SAByDR 33/2023."
caa982,"Código Alimentario Argentino, art. 982",Nacional · Argentina,Obligatoria para agua de red,consumo,se,Selenio,,0.01,,,mg/L,,salud,,,"Código Alimentario Argentino (Ley 18.284), Capítulo XII, artículo 982, texto según Resolución Conjunta SCS–SAByDR 33/2023."
caa982,"Código Alimentario Argentino, art. 982",Nacional · Argentina,Obligatoria para agua de red,consumo,sdt,Sólidos disueltos totales,,1500,,,mg/L,,salud,,,"Código Alimentario Argentino (Ley 18.284), Capítulo XII, artículo 982, texto según Resolución Conjunta SCS–SAByDR 33/2023."
caa982,"Código Alimentario Argentino, art. 982",Nacional · Argentina,Obligatoria para agua de red,consumo,so4,Sulfato,,400,,,mg/L,,salud,,,"Código Alimentario Argentino (Ley 18.284), Capítulo XII, artículo 982, texto según Resolución Conjunta SCS–SAByDR 33/2023."
caa982,"Código Alimentario Argentino, art. 982",Nacional · Argentina,Obligatoria para agua de red,consumo,clres,Cloro residual,0.2,,,,mg/L,,operativo,,"Mínimo exigible en agua de red desinfectada con cloro; no corresponde en agua sin tratar.","Código Alimentario Argentino (Ley 18.284), Capítulo XII, artículo 982, texto según Resolución Conjunta SCS–SAByDR 33/2023."
caa982,"Código Alimentario Argentino, art. 982",Nacional · Argentina,Obligatoria para agua de red,consumo,colt,Coliformes totales,,0,,,UFC/100 mL,,salud,,Ausencia en 100 ml.,"Código Alimentario Argentino (Ley 18.284), Capítulo XII, artículo 982, texto según Resolución Conjunta SCS–SAByDR 33/2023."
caa982,"Código Alimentario Argentino, art. 982",Nacional · Argentina,Obligatoria para agua de red,consumo,ecoli,Escherichia coli,,0,,,UFC/100 mL,,salud,,Ausencia en 100 ml.,"Código Alimentario Argentino (Ley 18.284), Capítulo XII, artículo 982, texto según Resolución Conjunta SCS–SAByDR 33/2023."
caa982,"Código Alimentario Argentino, art. 982",Nacional · Argentina,Obligatoria para agua de red,consumo,pseud,Pseudomonas aeruginosa,,0,,,UFC/100 mL,,salud,,Ausencia en 100 ml.,"Código Alimentario Argentino (Ley 18.284), Capítulo XII, artículo 982, texto según Resolución Conjunta SCS–SAByDR 33/2023."
caa982,"Código Alimentario Argentino, art. 982",Nacional · Argentina,Obligatoria para agua de red,consumo,meso,Bacterias aerobias mesófilas,,500,,,UFC/mL,,salud,,Hasta 500 UFC/ml.,"Código Alimentario Argentino (Ley 18.284), Capítulo XII, artículo 982, texto según Resolución Conjunta SCS–SAByDR 33/2023."
who2022,"OMS · Guías para la calidad del agua de consumo humano, 4.ª ed. con 1.ª y 2.ª adenda (2022)",Internacional · OMS,Guía internacional (no obligatoria),consumo,sb,Antimonio,,0.02,,,mg/L,,salud,,,"WHO. 2022. Guidelines for drinking-water quality: fourth edition incorporating the first and second addenda. World Health Organization, Ginebra. Tabla A3.3 y capítulo 10."
who2022,"OMS · Guías para la calidad del agua de consumo humano, 4.ª ed. con 1.ª y 2.ª adenda (2022)",Internacional · OMS,Guía internacional (no obligatoria),consumo,as,Arsénico,,0.01,,,mg/L,,salud,,"Provisional: se fijó por lo que se puede medir y tratar, no sólo por salud.","WHO. 2022. Guidelines for drinking-water quality: fourth edition incorporating the first and second addenda. World Health Organization, Ginebra. Tabla A3.3 y capítulo 10."
who2022,"OMS · Guías para la calidad del agua de consumo humano, 4.ª ed. con 1.ª y 2.ª adenda (2022)",Internacional · OMS,Guía internacional (no obligatoria),consumo,ba,Bario,,1.3,,,mg/L,,salud,,,"WHO. 2022. Guidelines for drinking-water quality: fourth edition incorporating the first and second addenda. World Health Organization, Ginebra. Tabla A3.3 y capítulo 10."
who2022,"OMS · Guías para la calidad del agua de consumo humano, 4.ª ed. con 1.ª y 2.ª adenda (2022)",Internacional · OMS,Guía internacional (no obligatoria),consumo,b,Boro,,2.4,,,mg/L,,salud,,,"WHO. 2022. Guidelines for drinking-water quality: fourth edition incorporating the first and second addenda. World Health Organization, Ginebra. Tabla A3.3 y capítulo 10."
who2022,"OMS · Guías para la calidad del agua de consumo humano, 4.ª ed. con 1.ª y 2.ª adenda (2022)",Internacional · OMS,Guía internacional (no obligatoria),consumo,bro3,Bromato,,0.01,,,mg/L,,salud,,,"WHO. 2022. Guidelines for drinking-water quality: fourth edition incorporating the first and second addenda. World Health Organization, Ginebra. Tabla A3.3 y capítulo 10."
who2022,"OMS · Guías para la calidad del agua de consumo humano, 4.ª ed. con 1.ª y 2.ª adenda (2022)",Internacional · OMS,Guía internacional (no obligatoria),consumo,cd,Cadmio,,0.003,,,mg/L,,salud,,,"WHO. 2022. Guidelines for drinking-water quality: fourth edition incorporating the first and second addenda. World Health Organization, Ginebra. Tabla A3.3 y capítulo 10."
who2022,"OMS · Guías para la calidad del agua de consumo humano, 4.ª ed. con 1.ª y 2.ª adenda (2022)",Internacional · OMS,Guía internacional (no obligatoria),consumo,cr,Cromo total,,0.05,,,mg/L,,salud,,Cromo total.,"WHO. 2022. Guidelines for drinking-water quality: fourth edition incorporating the first and second addenda. World Health Organization, Ginebra. Tabla A3.3 y capítulo 10."
who2022,"OMS · Guías para la calidad del agua de consumo humano, 4.ª ed. con 1.ª y 2.ª adenda (2022)",Internacional · OMS,Guía internacional (no obligatoria),consumo,cu,Cobre,,2,,,mg/L,,salud,,Por debajo de este valor puede manchar ropa y sanitarios.,"WHO. 2022. Guidelines for drinking-water quality: fourth edition incorporating the first and second addenda. World Health Organization, Ginebra. Tabla A3.3 y capítulo 10."
who2022,"OMS · Guías para la calidad del agua de consumo humano, 4.ª ed. con 1.ª y 2.ª adenda (2022)",Internacional · OMS,Guía internacional (no obligatoria),consumo,f,Fluoruro,,1.5,,,mg/L,,salud,,Considerar el volumen consumido y el aporte de otras fuentes.,"WHO. 2022. Guidelines for drinking-water quality: fourth edition incorporating the first and second addenda. World Health Organization, Ginebra. Tabla A3.3 y capítulo 10."
who2022,"OMS · Guías para la calidad del agua de consumo humano, 4.ª ed. con 1.ª y 2.ª adenda (2022)",Internacional · OMS,Guía internacional (no obligatoria),consumo,pb,Plomo,,0.01,,,mg/L,,salud,,Provisional (analítica y tratamiento).,"WHO. 2022. Guidelines for drinking-water quality: fourth edition incorporating the first and second addenda. World Health Organization, Ginebra. Tabla A3.3 y capítulo 10."
who2022,"OMS · Guías para la calidad del agua de consumo humano, 4.ª ed. con 1.ª y 2.ª adenda (2022)",Internacional · OMS,Guía internacional (no obligatoria),consumo,mn,Manganeso,,0.08,,,mg/L,,salud,,"Provisional. Manganeso total; también afecta color y gusto.","WHO. 2022. Guidelines for drinking-water quality: fourth edition incorporating the first and second addenda. World Health Organization, Ginebra. Tabla A3.3 y capítulo 10."
who2022,"OMS · Guías para la calidad del agua de consumo humano, 4.ª ed. con 1.ª y 2.ª adenda (2022)",Internacional · OMS,Guía internacional (no obligatoria),consumo,hg,Mercurio,,0.006,,,mg/L,,salud,,Para mercurio inorgánico.,"WHO. 2022. Guidelines for drinking-water quality: fourth edition incorporating the first and second addenda. World Health Organization, Ginebra. Tabla A3.3 y capítulo 10."
who2022,"OMS · Guías para la calidad del agua de consumo humano, 4.ª ed. con 1.ª y 2.ª adenda (2022)",Internacional · OMS,Guía internacional (no obligatoria),consumo,ni,Níquel,,0.07,,,mg/L,,salud,,,"WHO. 2022. Guidelines for drinking-water quality: fourth edition incorporating the first and second addenda. World Health Organization, Ginebra. Tabla A3.3 y capítulo 10."
who2022,"OMS · Guías para la calidad del agua de consumo humano, 4.ª ed. con 1.ª y 2.ª adenda (2022)",Internacional · OMS,Guía internacional (no obligatoria),consumo,no3,Nitrato,,50,,,mg/L,NO3,salud,,,"WHO. 2022. Guidelines for drinking-water quality: fourth edition incorporating the first and second addenda. World Health Organization, Ginebra. Tabla A3.3 y capítulo 10."
who2022,"OMS · Guías para la calidad del agua de consumo humano, 4.ª ed. con 1.ª y 2.ª adenda (2022)",Internacional · OMS,Guía internacional (no obligatoria),consumo,no2,Nitrito,,3,,,mg/L,NO2,salud,,,"WHO. 2022. Guidelines for drinking-water quality: fourth edition incorporating the first and second addenda. World Health Organization, Ginebra. Tabla A3.3 y capítulo 10."
who2022,"OMS · Guías para la calidad del agua de consumo humano, 4.ª ed. con 1.ª y 2.ª adenda (2022)",Internacional · OMS,Guía internacional (no obligatoria),consumo,se,Selenio,,0.04,,,mg/L,,salud,,Provisional.,"WHO. 2022. Guidelines for drinking-water quality: fourth edition incorporating the first and second addenda. World Health Organization, Ginebra. Tabla A3.3 y capítulo 10."
who2022,"OMS · Guías para la calidad del agua de consumo humano, 4.ª ed. con 1.ª y 2.ª adenda (2022)",Internacional · OMS,Guía internacional (no obligatoria),consumo,u,Uranio,,0.03,,,mg/L,,salud,,Provisional.,"WHO. 2022. Guidelines for drinking-water quality: fourth edition incorporating the first and second addenda. World Health Organization, Ginebra. Tabla A3.3 y capítulo 10."
who2022,"OMS · Guías para la calidad del agua de consumo humano, 4.ª ed. con 1.ª y 2.ª adenda (2022)",Internacional · OMS,Guía internacional (no obligatoria),consumo,ecoli,Escherichia coli,,0,,,UFC/100 mL,,salud,,No detectable en 100 ml.,"WHO. 2022. Guidelines for drinking-water quality: fourth edition incorporating the first and second addenda. World Health Organization, Ginebra. Tabla A3.3 y capítulo 10."
who2022,"OMS · Guías para la calidad del agua de consumo humano, 4.ª ed. con 1.ª y 2.ª adenda (2022)",Internacional · OMS,Guía internacional (no obligatoria),consumo,sdt,Sólidos disueltos totales,,1000,,,mg/L,,estetico,,Por encima de unos 1.000 mg/l el agua se vuelve cada vez menos aceptable al gusto (cap. 10). No es un valor de salud.,"WHO. 2022. Guidelines for drinking-water quality: fourth edition incorporating the first and second addenda. World Health Organization, Ginebra. Tabla A3.3 y capítulo 10."
who2022,"OMS · Guías para la calidad del agua de consumo humano, 4.ª ed. con 1.ª y 2.ª adenda (2022)",Internacional · OMS,Guía internacional (no obligatoria),consumo,cl,Cloruro,,250,,,mg/L,,estetico,,Umbral de gusto aproximado: 200–300 mg/l (cap. 10).,"WHO. 2022. Guidelines for drinking-water quality: fourth edition incorporating the first and second addenda. World Health Organization, Ginebra. Tabla A3.3 y capítulo 10."
who2022,"OMS · Guías para la calidad del agua de consumo humano, 4.ª ed. con 1.ª y 2.ª adenda (2022)",Internacional · OMS,Guía internacional (no obligatoria),consumo,so4,Sulfato,,250,,,mg/L,,estetico,,Umbral de gusto aproximado: 250–1.000 mg/l según el catión (cap. 10).,"WHO. 2022. Guidelines for drinking-water quality: fourth edition incorporating the first and second addenda. World Health Organization, Ginebra. Tabla A3.3 y capítulo 10."
who2022,"OMS · Guías para la calidad del agua de consumo humano, 4.ª ed. con 1.ª y 2.ª adenda (2022)",Internacional · OMS,Guía internacional (no obligatoria),consumo,na,Sodio,,200,,,mg/L,,estetico,,Umbral de gusto aproximado (cap. 10).,"WHO. 2022. Guidelines for drinking-water quality: fourth edition incorporating the first and second addenda. World Health Organization, Ginebra. Tabla A3.3 y capítulo 10."
who2022,"OMS · Guías para la calidad del agua de consumo humano, 4.ª ed. con 1.ª y 2.ª adenda (2022)",Internacional · OMS,Guía internacional (no obligatoria),consumo,fe,Hierro,,0.3,,,mg/L,,estetico,,"Gusto y manchas desde unos 0,3 mg/l (cap. 10).","WHO. 2022. Guidelines for drinking-water quality: fourth edition incorporating the first and second addenda. World Health Organization, Ginebra. Tabla A3.3 y capítulo 10."
ue2020,"Directiva (UE) 2020/2184, anexo I (partes A, B y C)",Regional · Unión Europea,Obligatoria en la UE,consumo,sb,Antimonio,,0.01,,,mg/L,,salud,,,"Directiva (UE) 2020/2184 del Parlamento Europeo y del Consejo, de 16 de diciembre de 2020, relativa a la calidad de las aguas destinadas al consumo humano. DO L 435 de 23/12/2020. Anexo I."
ue2020,"Directiva (UE) 2020/2184, anexo I (partes A, B y C)",Regional · Unión Europea,Obligatoria en la UE,consumo,as,Arsénico,,0.01,,,mg/L,,salud,,,"Directiva (UE) 2020/2184 del Parlamento Europeo y del Consejo, de 16 de diciembre de 2020, relativa a la calidad de las aguas destinadas al consumo humano. DO L 435 de 23/12/2020. Anexo I."
ue2020,"Directiva (UE) 2020/2184, anexo I (partes A, B y C)",Regional · Unión Europea,Obligatoria en la UE,consumo,b,Boro,,1.5,,,mg/L,,salud,,,"Directiva (UE) 2020/2184 del Parlamento Europeo y del Consejo, de 16 de diciembre de 2020, relativa a la calidad de las aguas destinadas al consumo humano. DO L 435 de 23/12/2020. Anexo I."
ue2020,"Directiva (UE) 2020/2184, anexo I (partes A, B y C)",Regional · Unión Europea,Obligatoria en la UE,consumo,bro3,Bromato,,0.01,,,mg/L,,salud,,,"Directiva (UE) 2020/2184 del Parlamento Europeo y del Consejo, de 16 de diciembre de 2020, relativa a la calidad de las aguas destinadas al consumo humano. DO L 435 de 23/12/2020. Anexo I."
ue2020,"Directiva (UE) 2020/2184, anexo I (partes A, B y C)",Regional · Unión Europea,Obligatoria en la UE,consumo,cd,Cadmio,,0.005,,,mg/L,,salud,,,"Directiva (UE) 2020/2184 del Parlamento Europeo y del Consejo, de 16 de diciembre de 2020, relativa a la calidad de las aguas destinadas al consumo humano. DO L 435 de 23/12/2020. Anexo I."
ue2020,"Directiva (UE) 2020/2184, anexo I (partes A, B y C)",Regional · Unión Europea,Obligatoria en la UE,consumo,cr,Cromo total,,0.05,,,mg/L,,salud,,"25 µg/l desde el 12/01/2036; hasta entonces, 50 µg/l.","Directiva (UE) 2020/2184 del Parlamento Europeo y del Consejo, de 16 de diciembre de 2020, relativa a la calidad de las aguas destinadas al consumo humano. DO L 435 de 23/12/2020. Anexo I."
ue2020,"Directiva (UE) 2020/2184, anexo I (partes A, B y C)",Regional · Unión Europea,Obligatoria en la UE,consumo,cu,Cobre,,2,,,mg/L,,salud,,,"Directiva (UE) 2020/2184 del Parlamento Europeo y del Consejo, de 16 de diciembre de 2020, relativa a la calidad de las aguas destinadas al consumo humano. DO L 435 de 23/12/2020. Anexo I."
ue2020,"Directiva (UE) 2020/2184, anexo I (partes A, B y C)",Regional · Unión Europea,Obligatoria en la UE,consumo,cn,Cianuro,,0.05,,,mg/L,,salud,,,"Directiva (UE) 2020/2184 del Parlamento Europeo y del Consejo, de 16 de diciembre de 2020, relativa a la calidad de las aguas destinadas al consumo humano. DO L 435 de 23/12/2020. Anexo I."
ue2020,"Directiva (UE) 2020/2184, anexo I (partes A, B y C)",Regional · Unión Europea,Obligatoria en la UE,consumo,f,Fluoruro,,1.5,,,mg/L,,salud,,,"Directiva (UE) 2020/2184 del Parlamento Europeo y del Consejo, de 16 de diciembre de 2020, relativa a la calidad de las aguas destinadas al consumo humano. DO L 435 de 23/12/2020. Anexo I."
ue2020,"Directiva (UE) 2020/2184, anexo I (partes A, B y C)",Regional · Unión Europea,Obligatoria en la UE,consumo,pb,Plomo,,0.01,,,mg/L,,salud,,"5 µg/l desde el 12/01/2036; hasta entonces, 10 µg/l.","Directiva (UE) 2020/2184 del Parlamento Europeo y del Consejo, de 16 de diciembre de 2020, relativa a la calidad de las aguas destinadas al consumo humano. DO L 435 de 23/12/2020. Anexo I."
ue2020,"Directiva (UE) 2020/2184, anexo I (partes A, B y C)",Regional · Unión Europea,Obligatoria en la UE,consumo,hg,Mercurio,,0.001,,,mg/L,,salud,,,"Directiva (UE) 2020/2184 del Parlamento Europeo y del Consejo, de 16 de diciembre de 2020, relativa a la calidad de las aguas destinadas al consumo humano. DO L 435 de 23/12/2020. Anexo I."
ue2020,"Directiva (UE) 2020/2184, anexo I (partes A, B y C)",Regional · Unión Europea,Obligatoria en la UE,consumo,ni,Níquel,,0.02,,,mg/L,,salud,,,"Directiva (UE) 2020/2184 del Parlamento Europeo y del Consejo, de 16 de diciembre de 2020, relativa a la calidad de las aguas destinadas al consumo humano. DO L 435 de 23/12/2020. Anexo I."
ue2020,"Directiva (UE) 2020/2184, anexo I (partes A, B y C)",Regional · Unión Europea,Obligatoria en la UE,consumo,no3,Nitrato,,50,,,mg/L,NO3,salud,,Además: [nitrato]/50 + [nitrito]/3 ≤ 1 (ver «Iones y derivados»).,"Directiva (UE) 2020/2184 del Parlamento Europeo y del Consejo, de 16 de diciembre de 2020, relativa a la calidad de las aguas destinadas al consumo humano. DO L 435 de 23/12/2020. Anexo I."
ue2020,"Directiva (UE) 2020/2184, anexo I (partes A, B y C)",Regional · Unión Europea,Obligatoria en la UE,consumo,no2,Nitrito,,0.5,,,mg/L,NO2,salud,,"0,10 mg/l a la salida de la planta.","Directiva (UE) 2020/2184 del Parlamento Europeo y del Consejo, de 16 de diciembre de 2020, relativa a la calidad de las aguas destinadas al consumo humano. DO L 435 de 23/12/2020. Anexo I."
ue2020,"Directiva (UE) 2020/2184, anexo I (partes A, B y C)",Regional · Unión Europea,Obligatoria en la UE,consumo,se,Selenio,,0.02,,,mg/L,,salud,,30 µg/l en zonas con geología que lo justifique.,"Directiva (UE) 2020/2184 del Parlamento Europeo y del Consejo, de 16 de diciembre de 2020, relativa a la calidad de las aguas destinadas al consumo humano. DO L 435 de 23/12/2020. Anexo I."
ue2020,"Directiva (UE) 2020/2184, anexo I (partes A, B y C)",Regional · Unión Europea,Obligatoria en la UE,consumo,u,Uranio,,0.03,,,mg/L,,salud,,,"Directiva (UE) 2020/2184 del Parlamento Europeo y del Consejo, de 16 de diciembre de 2020, relativa a la calidad de las aguas destinadas al consumo humano. DO L 435 de 23/12/2020. Anexo I."
ue2020,"Directiva (UE) 2020/2184, anexo I (partes A, B y C)",Regional · Unión Europea,Obligatoria en la UE,consumo,ecoli,Escherichia coli,,0,,,UFC/100 mL,,salud,,0 en 100 ml.,"Directiva (UE) 2020/2184 del Parlamento Europeo y del Consejo, de 16 de diciembre de 2020, relativa a la calidad de las aguas destinadas al consumo humano. DO L 435 de 23/12/2020. Anexo I."
ue2020,"Directiva (UE) 2020/2184, anexo I (partes A, B y C)",Regional · Unión Europea,Obligatoria en la UE,consumo,al,Aluminio,,0.2,,,mg/L,,indicador,,,"Directiva (UE) 2020/2184 del Parlamento Europeo y del Consejo, de 16 de diciembre de 2020, relativa a la calidad de las aguas destinadas al consumo humano. DO L 435 de 23/12/2020. Anexo I."
ue2020,"Directiva (UE) 2020/2184, anexo I (partes A, B y C)",Regional · Unión Europea,Obligatoria en la UE,consumo,nh4,Amonio,,0.5,,,mg/L,NH4,indicador,,,"Directiva (UE) 2020/2184 del Parlamento Europeo y del Consejo, de 16 de diciembre de 2020, relativa a la calidad de las aguas destinadas al consumo humano. DO L 435 de 23/12/2020. Anexo I."
ue2020,"Directiva (UE) 2020/2184, anexo I (partes A, B y C)",Regional · Unión Europea,Obligatoria en la UE,consumo,cl,Cloruro,,250,,,mg/L,,indicador,,,"Directiva (UE) 2020/2184 del Parlamento Europeo y del Consejo, de 16 de diciembre de 2020, relativa a la calidad de las aguas destinadas al consumo humano. DO L 435 de 23/12/2020. Anexo I."
ue2020,"Directiva (UE) 2020/2184, anexo I (partes A, B y C)",Regional · Unión Europea,Obligatoria en la UE,consumo,ce,Conductividad eléctrica,,2500,,,µS/cm,,indicador,,A 20 °C.,"Directiva (UE) 2020/2184 del Parlamento Europeo y del Consejo, de 16 de diciembre de 2020, relativa a la calidad de las aguas destinadas al consumo humano. DO L 435 de 23/12/2020. Anexo I."
ue2020,"Directiva (UE) 2020/2184, anexo I (partes A, B y C)",Regional · Unión Europea,Obligatoria en la UE,consumo,ph,pH,6.5,9.5,,,unid. pH,,indicador,,,"Directiva (UE) 2020/2184 del Parlamento Europeo y del Consejo, de 16 de diciembre de 2020, relativa a la calidad de las aguas destinadas al consumo humano. DO L 435 de 23/12/2020. Anexo I."
ue2020,"Directiva (UE) 2020/2184, anexo I (partes A, B y C)",Regional · Unión Europea,Obligatoria en la UE,consumo,fe,Hierro,,0.2,,,mg/L,,indicador,,,"Directiva (UE) 2020/2184 del Parlamento Europeo y del Consejo, de 16 de diciembre de 2020, relativa a la calidad de las aguas destinadas al consumo humano. DO L 435 de 23/12/2020. Anexo I."
ue2020,"Directiva (UE) 2020/2184, anexo I (partes A, B y C)",Regional · Unión Europea,Obligatoria en la UE,consumo,mn,Manganeso,,0.05,,,mg/L,,indicador,,,"Directiva (UE) 2020/2184 del Parlamento Europeo y del Consejo, de 16 de diciembre de 2020, relativa a la calidad de las aguas destinadas al consumo humano. DO L 435 de 23/12/2020. Anexo I."
ue2020,"Directiva (UE) 2020/2184, anexo I (partes A, B y C)",Regional · Unión Europea,Obligatoria en la UE,consumo,so4,Sulfato,,250,,,mg/L,,indicador,,,"Directiva (UE) 2020/2184 del Parlamento Europeo y del Consejo, de 16 de diciembre de 2020, relativa a la calidad de las aguas destinadas al consumo humano. DO L 435 de 23/12/2020. Anexo I."
ue2020,"Directiva (UE) 2020/2184, anexo I (partes A, B y C)",Regional · Unión Europea,Obligatoria en la UE,consumo,na,Sodio,,200,,,mg/L,,indicador,,,"Directiva (UE) 2020/2184 del Parlamento Europeo y del Consejo, de 16 de diciembre de 2020, relativa a la calidad de las aguas destinadas al consumo humano. DO L 435 de 23/12/2020. Anexo I."
ue2020,"Directiva (UE) 2020/2184, anexo I (partes A, B y C)",Regional · Unión Europea,Obligatoria en la UE,consumo,colt,Coliformes totales,,0,,,UFC/100 mL,,indicador,,0 en 100 ml.,"Directiva (UE) 2020/2184 del Parlamento Europeo y del Consejo, de 16 de diciembre de 2020, relativa a la calidad de las aguas destinadas al consumo humano. DO L 435 de 23/12/2020. Anexo I."
epa,US EPA · National Primary y Secondary Drinking Water Regulations,Federal · Estados Unidos,"Obligatoria en EE.UU. (MCL); secundarios no obligatorios",consumo,sb,Antimonio,,0.006,,,mg/L,,salud,,,US EPA. National Primary Drinking Water Regulations (40 CFR 141) y National Secondary Drinking Water Regulations (40 CFR 143).
epa,US EPA · National Primary y Secondary Drinking Water Regulations,Federal · Estados Unidos,"Obligatoria en EE.UU. (MCL); secundarios no obligatorios",consumo,as,Arsénico,,0.01,,,mg/L,,salud,,,US EPA. National Primary Drinking Water Regulations (40 CFR 141) y National Secondary Drinking Water Regulations (40 CFR 143).
epa,US EPA · National Primary y Secondary Drinking Water Regulations,Federal · Estados Unidos,"Obligatoria en EE.UU. (MCL); secundarios no obligatorios",consumo,ba,Bario,,2,,,mg/L,,salud,,,US EPA. National Primary Drinking Water Regulations (40 CFR 141) y National Secondary Drinking Water Regulations (40 CFR 143).
epa,US EPA · National Primary y Secondary Drinking Water Regulations,Federal · Estados Unidos,"Obligatoria en EE.UU. (MCL); secundarios no obligatorios",consumo,be,Berilio,,0.004,,,mg/L,,salud,,,US EPA. National Primary Drinking Water Regulations (40 CFR 141) y National Secondary Drinking Water Regulations (40 CFR 143).
epa,US EPA · National Primary y Secondary Drinking Water Regulations,Federal · Estados Unidos,"Obligatoria en EE.UU. (MCL); secundarios no obligatorios",consumo,cd,Cadmio,,0.005,,,mg/L,,salud,,,US EPA. National Primary Drinking Water Regulations (40 CFR 141) y National Secondary Drinking Water Regulations (40 CFR 143).
epa,US EPA · National Primary y Secondary Drinking Water Regulations,Federal · Estados Unidos,"Obligatoria en EE.UU. (MCL); secundarios no obligatorios",consumo,cr,Cromo total,,0.1,,,mg/L,,salud,,,US EPA. National Primary Drinking Water Regulations (40 CFR 141) y National Secondary Drinking Water Regulations (40 CFR 143).
epa,US EPA · National Primary y Secondary Drinking Water Regulations,Federal · Estados Unidos,"Obligatoria en EE.UU. (MCL); secundarios no obligatorios",consumo,cu,Cobre,,1.3,,,mg/L,,accion,,"Nivel de acción (tratamiento). El nivel secundario es 1,0 mg/l.",US EPA. National Primary Drinking Water Regulations (40 CFR 141) y National Secondary Drinking Water Regulations (40 CFR 143).
epa,US EPA · National Primary y Secondary Drinking Water Regulations,Federal · Estados Unidos,"Obligatoria en EE.UU. (MCL); secundarios no obligatorios",consumo,cn,Cianuro,,0.2,,,mg/L,,salud,,Como cianuro libre.,US EPA. National Primary Drinking Water Regulations (40 CFR 141) y National Secondary Drinking Water Regulations (40 CFR 143).
epa,US EPA · National Primary y Secondary Drinking Water Regulations,Federal · Estados Unidos,"Obligatoria en EE.UU. (MCL); secundarios no obligatorios",consumo,f,Fluoruro,,4,,,mg/L,,salud,,"El nivel secundario es 2,0 mg/l.",US EPA. National Primary Drinking Water Regulations (40 CFR 141) y National Secondary Drinking Water Regulations (40 CFR 143).
epa,US EPA · National Primary y Secondary Drinking Water Regulations,Federal · Estados Unidos,"Obligatoria en EE.UU. (MCL); secundarios no obligatorios",consumo,pb,Plomo,,0.015,,,mg/L,,accion,,"Nivel de acción. La regla LCRI (2024) lo baja a 0,010 mg/l desde noviembre de 2027.",US EPA. National Primary Drinking Water Regulations (40 CFR 141) y National Secondary Drinking Water Regulations (40 CFR 143).
epa,US EPA · National Primary y Secondary Drinking Water Regulations,Federal · Estados Unidos,"Obligatoria en EE.UU. (MCL); secundarios no obligatorios",consumo,hg,Mercurio,,0.002,,,mg/L,,salud,,Mercurio inorgánico.,US EPA. National Primary Drinking Water Regulations (40 CFR 141) y National Secondary Drinking Water Regulations (40 CFR 143).
epa,US EPA · National Primary y Secondary Drinking Water Regulations,Federal · Estados Unidos,"Obligatoria en EE.UU. (MCL); secundarios no obligatorios",consumo,no3,Nitrato,,10,,,mg/L,N,salud,,,US EPA. National Primary Drinking Water Regulations (40 CFR 141) y National Secondary Drinking Water Regulations (40 CFR 143).
epa,US EPA · National Primary y Secondary Drinking Water Regulations,Federal · Estados Unidos,"Obligatoria en EE.UU. (MCL); secundarios no obligatorios",consumo,no2,Nitrito,,1,,,mg/L,N,salud,,,US EPA. National Primary Drinking Water Regulations (40 CFR 141) y National Secondary Drinking Water Regulations (40 CFR 143).
epa,US EPA · National Primary y Secondary Drinking Water Regulations,Federal · Estados Unidos,"Obligatoria en EE.UU. (MCL); secundarios no obligatorios",consumo,se,Selenio,,0.05,,,mg/L,,salud,,,US EPA. National Primary Drinking Water Regulations (40 CFR 141) y National Secondary Drinking Water Regulations (40 CFR 143).
epa,US EPA · National Primary y Secondary Drinking Water Regulations,Federal · Estados Unidos,"Obligatoria en EE.UU. (MCL); secundarios no obligatorios",consumo,tl,Talio,,0.002,,,mg/L,,salud,,,US EPA. National Primary Drinking Water Regulations (40 CFR 141) y National Secondary Drinking Water Regulations (40 CFR 143).
epa,US EPA · National Primary y Secondary Drinking Water Regulations,Federal · Estados Unidos,"Obligatoria en EE.UU. (MCL); secundarios no obligatorios",consumo,u,Uranio,,0.03,,,mg/L,,salud,,,US EPA. National Primary Drinking Water Regulations (40 CFR 141) y National Secondary Drinking Water Regulations (40 CFR 143).
epa,US EPA · National Primary y Secondary Drinking Water Regulations,Federal · Estados Unidos,"Obligatoria en EE.UU. (MCL); secundarios no obligatorios",consumo,ecoli,Escherichia coli,,0,,,UFC/100 mL,,salud,,,US EPA. National Primary Drinking Water Regulations (40 CFR 141) y National Secondary Drinking Water Regulations (40 CFR 143).
epa,US EPA · National Primary y Secondary Drinking Water Regulations,Federal · Estados Unidos,"Obligatoria en EE.UU. (MCL); secundarios no obligatorios",consumo,al,Aluminio,,0.2,,,mg/L,,secundario,,"Rango secundario 0,05–0,2 mg/l.",US EPA. National Primary Drinking Water Regulations (40 CFR 141) y National Secondary Drinking Water Regulations (40 CFR 143).
epa,US EPA · National Primary y Secondary Drinking Water Regulations,Federal · Estados Unidos,"Obligatoria en EE.UU. (MCL); secundarios no obligatorios",consumo,cl,Cloruro,,250,,,mg/L,,secundario,,,US EPA. National Primary Drinking Water Regulations (40 CFR 141) y National Secondary Drinking Water Regulations (40 CFR 143).
epa,US EPA · National Primary y Secondary Drinking Water Regulations,Federal · Estados Unidos,"Obligatoria en EE.UU. (MCL); secundarios no obligatorios",consumo,color,Color,,15,,,Pt-Co,,secundario,,,US EPA. National Primary Drinking Water Regulations (40 CFR 141) y National Secondary Drinking Water Regulations (40 CFR 143).
epa,US EPA · National Primary y Secondary Drinking Water Regulations,Federal · Estados Unidos,"Obligatoria en EE.UU. (MCL); secundarios no obligatorios",consumo,fe,Hierro,,0.3,,,mg/L,,secundario,,,US EPA. National Primary Drinking Water Regulations (40 CFR 141) y National Secondary Drinking Water Regulations (40 CFR 143).
epa,US EPA · National Primary y Secondary Drinking Water Regulations,Federal · Estados Unidos,"Obligatoria en EE.UU. (MCL); secundarios no obligatorios",consumo,mn,Manganeso,,0.05,,,mg/L,,secundario,,,US EPA. National Primary Drinking Water Regulations (40 CFR 141) y National Secondary Drinking Water Regulations (40 CFR 143).
epa,US EPA · National Primary y Secondary Drinking Water Regulations,Federal · Estados Unidos,"Obligatoria en EE.UU. (MCL); secundarios no obligatorios",consumo,ph,pH,6.5,8.5,,,unid. pH,,secundario,,,US EPA. National Primary Drinking Water Regulations (40 CFR 141) y National Secondary Drinking Water Regulations (40 CFR 143).
epa,US EPA · National Primary y Secondary Drinking Water Regulations,Federal · Estados Unidos,"Obligatoria en EE.UU. (MCL); secundarios no obligatorios",consumo,ag,Plata,,0.1,,,mg/L,,secundario,,,US EPA. National Primary Drinking Water Regulations (40 CFR 141) y National Secondary Drinking Water Regulations (40 CFR 143).
epa,US EPA · National Primary y Secondary Drinking Water Regulations,Federal · Estados Unidos,"Obligatoria en EE.UU. (MCL); secundarios no obligatorios",consumo,so4,Sulfato,,250,,,mg/L,,secundario,,,US EPA. National Primary Drinking Water Regulations (40 CFR 141) y National Secondary Drinking Water Regulations (40 CFR 143).
epa,US EPA · National Primary y Secondary Drinking Water Regulations,Federal · Estados Unidos,"Obligatoria en EE.UU. (MCL); secundarios no obligatorios",consumo,sdt,Sólidos disueltos totales,,500,,,mg/L,,secundario,,,US EPA. National Primary Drinking Water Regulations (40 CFR 141) y National Secondary Drinking Water Regulations (40 CFR 143).
epa,US EPA · National Primary y Secondary Drinking Water Regulations,Federal · Estados Unidos,"Obligatoria en EE.UU. (MCL); secundarios no obligatorios",consumo,zn,Cinc,,5,,,mg/L,,secundario,,,US EPA. National Primary Drinking Water Regulations (40 CFR 141) y National Secondary Drinking Water Regulations (40 CFR 143).
d831_t1,"Ley 24.051 · Dto. 831/93, anexo II, tabla 1",Nacional · Argentina,Nivel guía (Ley 24.051),fuente,al,Aluminio,,0.2,,,mg/L,,salud,,,"Decreto 831/93, reglamentario de la Ley 24.051 de Residuos Peligrosos, anexo II, tabla 1: Niveles guía de calidad de agua para fuentes de agua de bebida humana con tratamiento convencional."
d831_t1,"Ley 24.051 · Dto. 831/93, anexo II, tabla 1",Nacional · Argentina,Nivel guía (Ley 24.051),fuente,nh4,Amonio,,0.05,,,mg/L,NH4,salud,,,"Decreto 831/93, reglamentario de la Ley 24.051 de Residuos Peligrosos, anexo II, tabla 1: Niveles guía de calidad de agua para fuentes de agua de bebida humana con tratamiento convencional."
d831_t1,"Ley 24.051 · Dto. 831/93, anexo II, tabla 1",Nacional · Argentina,Nivel guía (Ley 24.051),fuente,sb,Antimonio,,0.01,,,mg/L,,salud,,,"Decreto 831/93, reglamentario de la Ley 24.051 de Residuos Peligrosos, anexo II, tabla 1: Niveles guía de calidad de agua para fuentes de agua de bebida humana con tratamiento convencional."
d831_t1,"Ley 24.051 · Dto. 831/93, anexo II, tabla 1",Nacional · Argentina,Nivel guía (Ley 24.051),fuente,as,Arsénico,,0.05,,,mg/L,,salud,,,"Decreto 831/93, reglamentario de la Ley 24.051 de Residuos Peligrosos, anexo II, tabla 1: Niveles guía de calidad de agua para fuentes de agua de bebida humana con tratamiento convencional."
d831_t1,"Ley 24.051 · Dto. 831/93, anexo II, tabla 1",Nacional · Argentina,Nivel guía (Ley 24.051),fuente,ba,Bario,,1,,,mg/L,,salud,,,"Decreto 831/93, reglamentario de la Ley 24.051 de Residuos Peligrosos, anexo II, tabla 1: Niveles guía de calidad de agua para fuentes de agua de bebida humana con tratamiento convencional."
d831_t1,"Ley 24.051 · Dto. 831/93, anexo II, tabla 1",Nacional · Argentina,Nivel guía (Ley 24.051),fuente,be,Berilio,,0.000039,,,mg/L,,salud,,,"Decreto 831/93, reglamentario de la Ley 24.051 de Residuos Peligrosos, anexo II, tabla 1: Niveles guía de calidad de agua para fuentes de agua de bebida humana con tratamiento convencional."
d831_t1,"Ley 24.051 · Dto. 831/93, anexo II, tabla 1",Nacional · Argentina,Nivel guía (Ley 24.051),fuente,b,Boro,,1,,,mg/L,,salud,,,"Decreto 831/93, reglamentario de la Ley 24.051 de Residuos Peligrosos, anexo II, tabla 1: Niveles guía de calidad de agua para fuentes de agua de bebida humana con tratamiento convencional."
d831_t1,"Ley 24.051 · Dto. 831/93, anexo II, tabla 1",Nacional · Argentina,Nivel guía (Ley 24.051),fuente,cd,Cadmio,,0.005,,,mg/L,,salud,,,"Decreto 831/93, reglamentario de la Ley 24.051 de Residuos Peligrosos, anexo II, tabla 1: Niveles guía de calidad de agua para fuentes de agua de bebida humana con tratamiento convencional."
d831_t1,"Ley 24.051 · Dto. 831/93, anexo II, tabla 1",Nacional · Argentina,Nivel guía (Ley 24.051),fuente,cn,Cianuro,,0.1,,,mg/L,,salud,,,"Decreto 831/93, reglamentario de la Ley 24.051 de Residuos Peligrosos, anexo II, tabla 1: Niveles guía de calidad de agua para fuentes de agua de bebida humana con tratamiento convencional."
d831_t1,"Ley 24.051 · Dto. 831/93, anexo II, tabla 1",Nacional · Argentina,Nivel guía (Ley 24.051),fuente,zn,Cinc,,5,,,mg/L,,salud,,,"Decreto 831/93, reglamentario de la Ley 24.051 de Residuos Peligrosos, anexo II, tabla 1: Niveles guía de calidad de agua para fuentes de agua de bebida humana con tratamiento convencional."
d831_t1,"Ley 24.051 · Dto. 831/93, anexo II, tabla 1",Nacional · Argentina,Nivel guía (Ley 24.051),fuente,cu,Cobre,,1,,,mg/L,,salud,,,"Decreto 831/93, reglamentario de la Ley 24.051 de Residuos Peligrosos, anexo II, tabla 1: Niveles guía de calidad de agua para fuentes de agua de bebida humana con tratamiento convencional."
d831_t1,"Ley 24.051 · Dto. 831/93, anexo II, tabla 1",Nacional · Argentina,Nivel guía (Ley 24.051),fuente,cr,Cromo total,,0.05,,,mg/L,,salud,,,"Decreto 831/93, reglamentario de la Ley 24.051 de Residuos Peligrosos, anexo II, tabla 1: Niveles guía de calidad de agua para fuentes de agua de bebida humana con tratamiento convencional."
d831_t1,"Ley 24.051 · Dto. 831/93, anexo II, tabla 1",Nacional · Argentina,Nivel guía (Ley 24.051),fuente,cr6,Cromo hexavalente,,0.05,,,mg/L,,salud,,,"Decreto 831/93, reglamentario de la Ley 24.051 de Residuos Peligrosos, anexo II, tabla 1: Niveles guía de calidad de agua para fuentes de agua de bebida humana con tratamiento convencional."
d831_t1,"Ley 24.051 · Dto. 831/93, anexo II, tabla 1",Nacional · Argentina,Nivel guía (Ley 24.051),fuente,f,Fluoruro,,1.5,,,mg/L,,salud,,,"Decreto 831/93, reglamentario de la Ley 24.051 de Residuos Peligrosos, anexo II, tabla 1: Niveles guía de calidad de agua para fuentes de agua de bebida humana con tratamiento convencional."
d831_t1,"Ley 24.051 · Dto. 831/93, anexo II, tabla 1",Nacional · Argentina,Nivel guía (Ley 24.051),fuente,fe,Hierro,,0.3,,,mg/L,,salud,,,"Decreto 831/93, reglamentario de la Ley 24.051 de Residuos Peligrosos, anexo II, tabla 1: Niveles guía de calidad de agua para fuentes de agua de bebida humana con tratamiento convencional."
d831_t1,"Ley 24.051 · Dto. 831/93, anexo II, tabla 1",Nacional · Argentina,Nivel guía (Ley 24.051),fuente,mn,Manganeso,,0.1,,,mg/L,,salud,,,"Decreto 831/93, reglamentario de la Ley 24.051 de Residuos Peligrosos, anexo II, tabla 1: Niveles guía de calidad de agua para fuentes de agua de bebida humana con tratamiento convencional."
d831_t1,"Ley 24.051 · Dto. 831/93, anexo II, tabla 1",Nacional · Argentina,Nivel guía (Ley 24.051),fuente,hg,Mercurio,,0.001,,,mg/L,,salud,,,"Decreto 831/93, reglamentario de la Ley 24.051 de Residuos Peligrosos, anexo II, tabla 1: Niveles guía de calidad de agua para fuentes de agua de bebida humana con tratamiento convencional."
d831_t1,"Ley 24.051 · Dto. 831/93, anexo II, tabla 1",Nacional · Argentina,Nivel guía (Ley 24.051),fuente,ni,Níquel,,0.025,,,mg/L,,salud,,,"Decreto 831/93, reglamentario de la Ley 24.051 de Residuos Peligrosos, anexo II, tabla 1: Niveles guía de calidad de agua para fuentes de agua de bebida humana con tratamiento convencional."
d831_t1,"Ley 24.051 · Dto. 831/93, anexo II, tabla 1",Nacional · Argentina,Nivel guía (Ley 24.051),fuente,no3,Nitrato,,10,,,mg/L,N,salud,,"El decreto no aclara la forma; el valor es el de la EPA (fuente A de la tabla), expresado como N.","Decreto 831/93, reglamentario de la Ley 24.051 de Residuos Peligrosos, anexo II, tabla 1: Niveles guía de calidad de agua para fuentes de agua de bebida humana con tratamiento convencional."
d831_t1,"Ley 24.051 · Dto. 831/93, anexo II, tabla 1",Nacional · Argentina,Nivel guía (Ley 24.051),fuente,no2,Nitrito,,1,,,mg/L,N,salud,,"El decreto no aclara la forma; el valor es el de la EPA (fuente B), expresado como N.","Decreto 831/93, reglamentario de la Ley 24.051 de Residuos Peligrosos, anexo II, tabla 1: Niveles guía de calidad de agua para fuentes de agua de bebida humana con tratamiento convencional."
d831_t1,"Ley 24.051 · Dto. 831/93, anexo II, tabla 1",Nacional · Argentina,Nivel guía (Ley 24.051),fuente,ag,Plata,,0.05,,,mg/L,,salud,,,"Decreto 831/93, reglamentario de la Ley 24.051 de Residuos Peligrosos, anexo II, tabla 1: Niveles guía de calidad de agua para fuentes de agua de bebida humana con tratamiento convencional."
d831_t1,"Ley 24.051 · Dto. 831/93, anexo II, tabla 1",Nacional · Argentina,Nivel guía (Ley 24.051),fuente,pb,Plomo,,0.05,,,mg/L,,salud,,,"Decreto 831/93, reglamentario de la Ley 24.051 de Residuos Peligrosos, anexo II, tabla 1: Niveles guía de calidad de agua para fuentes de agua de bebida humana con tratamiento convencional."
d831_t1,"Ley 24.051 · Dto. 831/93, anexo II, tabla 1",Nacional · Argentina,Nivel guía (Ley 24.051),fuente,se,Selenio,,0.01,,,mg/L,,salud,,,"Decreto 831/93, reglamentario de la Ley 24.051 de Residuos Peligrosos, anexo II, tabla 1: Niveles guía de calidad de agua para fuentes de agua de bebida humana con tratamiento convencional."
d831_t1,"Ley 24.051 · Dto. 831/93, anexo II, tabla 1",Nacional · Argentina,Nivel guía (Ley 24.051),fuente,tl,Talio,,0.018,,,mg/L,,salud,,,"Decreto 831/93, reglamentario de la Ley 24.051 de Residuos Peligrosos, anexo II, tabla 1: Niveles guía de calidad de agua para fuentes de agua de bebida humana con tratamiento convencional."
d831_t1,"Ley 24.051 · Dto. 831/93, anexo II, tabla 1",Nacional · Argentina,Nivel guía (Ley 24.051),fuente,u,Uranio,,0.1,,,mg/L,,salud,,,"Decreto 831/93, reglamentario de la Ley 24.051 de Residuos Peligrosos, anexo II, tabla 1: Niveles guía de calidad de agua para fuentes de agua de bebida humana con tratamiento convencional."
l24585_t1,"Ley 24.585 (Código de Minería), anexo IV, tabla 1",Nacional · Argentina (actividad minera),Nivel guía (Ley 24.585),fuente,al,Aluminio,,0.2,,,mg/L,,salud,,,"Ley 24.585 de Protección Ambiental para la Actividad Minera (Código de Minería), anexo IV, tabla 1: fuentes de agua de bebida humana con tratamiento convencional."
l24585_t1,"Ley 24.585 (Código de Minería), anexo IV, tabla 1",Nacional · Argentina (actividad minera),Nivel guía (Ley 24.585),fuente,nh4,Amonio,,0.05,,,mg/L,NH4,salud,,,"Ley 24.585 de Protección Ambiental para la Actividad Minera (Código de Minería), anexo IV, tabla 1: fuentes de agua de bebida humana con tratamiento convencional."
l24585_t1,"Ley 24.585 (Código de Minería), anexo IV, tabla 1",Nacional · Argentina (actividad minera),Nivel guía (Ley 24.585),fuente,sb,Antimonio,,0.01,,,mg/L,,salud,,,"Ley 24.585 de Protección Ambiental para la Actividad Minera (Código de Minería), anexo IV, tabla 1: fuentes de agua de bebida humana con tratamiento convencional."
l24585_t1,"Ley 24.585 (Código de Minería), anexo IV, tabla 1",Nacional · Argentina (actividad minera),Nivel guía (Ley 24.585),fuente,as,Arsénico,,0.05,,,mg/L,,salud,,,"Ley 24.585 de Protección Ambiental para la Actividad Minera (Código de Minería), anexo IV, tabla 1: fuentes de agua de bebida humana con tratamiento convencional."
l24585_t1,"Ley 24.585 (Código de Minería), anexo IV, tabla 1",Nacional · Argentina (actividad minera),Nivel guía (Ley 24.585),fuente,ba,Bario,,1,,,mg/L,,salud,,,"Ley 24.585 de Protección Ambiental para la Actividad Minera (Código de Minería), anexo IV, tabla 1: fuentes de agua de bebida humana con tratamiento convencional."
l24585_t1,"Ley 24.585 (Código de Minería), anexo IV, tabla 1",Nacional · Argentina (actividad minera),Nivel guía (Ley 24.585),fuente,be,Berilio,,0.000039,,,mg/L,,salud,,,"Ley 24.585 de Protección Ambiental para la Actividad Minera (Código de Minería), anexo IV, tabla 1: fuentes de agua de bebida humana con tratamiento convencional."
l24585_t1,"Ley 24.585 (Código de Minería), anexo IV, tabla 1",Nacional · Argentina (actividad minera),Nivel guía (Ley 24.585),fuente,b,Boro,,1,,,mg/L,,salud,,,"Ley 24.585 de Protección Ambiental para la Actividad Minera (Código de Minería), anexo IV, tabla 1: fuentes de agua de bebida humana con tratamiento convencional."
l24585_t1,"Ley 24.585 (Código de Minería), anexo IV, tabla 1",Nacional · Argentina (actividad minera),Nivel guía (Ley 24.585),fuente,cd,Cadmio,,0.005,,,mg/L,,salud,,,"Ley 24.585 de Protección Ambiental para la Actividad Minera (Código de Minería), anexo IV, tabla 1: fuentes de agua de bebida humana con tratamiento convencional."
l24585_t1,"Ley 24.585 (Código de Minería), anexo IV, tabla 1",Nacional · Argentina (actividad minera),Nivel guía (Ley 24.585),fuente,cn,Cianuro,,0.1,,,mg/L,,salud,,,"Ley 24.585 de Protección Ambiental para la Actividad Minera (Código de Minería), anexo IV, tabla 1: fuentes de agua de bebida humana con tratamiento convencional."
l24585_t1,"Ley 24.585 (Código de Minería), anexo IV, tabla 1",Nacional · Argentina (actividad minera),Nivel guía (Ley 24.585),fuente,zn,Cinc,,5,,,mg/L,,salud,,,"Ley 24.585 de Protección Ambiental para la Actividad Minera (Código de Minería), anexo IV, tabla 1: fuentes de agua de bebida humana con tratamiento convencional."
l24585_t1,"Ley 24.585 (Código de Minería), anexo IV, tabla 1",Nacional · Argentina (actividad minera),Nivel guía (Ley 24.585),fuente,cu,Cobre,,1,,,mg/L,,salud,,,"Ley 24.585 de Protección Ambiental para la Actividad Minera (Código de Minería), anexo IV, tabla 1: fuentes de agua de bebida humana con tratamiento convencional."
l24585_t1,"Ley 24.585 (Código de Minería), anexo IV, tabla 1",Nacional · Argentina (actividad minera),Nivel guía (Ley 24.585),fuente,cr,Cromo total,,0.05,,,mg/L,,salud,,,"Ley 24.585 de Protección Ambiental para la Actividad Minera (Código de Minería), anexo IV, tabla 1: fuentes de agua de bebida humana con tratamiento convencional."
l24585_t1,"Ley 24.585 (Código de Minería), anexo IV, tabla 1",Nacional · Argentina (actividad minera),Nivel guía (Ley 24.585),fuente,cr6,Cromo hexavalente,,0.05,,,mg/L,,salud,,,"Ley 24.585 de Protección Ambiental para la Actividad Minera (Código de Minería), anexo IV, tabla 1: fuentes de agua de bebida humana con tratamiento convencional."
l24585_t1,"Ley 24.585 (Código de Minería), anexo IV, tabla 1",Nacional · Argentina (actividad minera),Nivel guía (Ley 24.585),fuente,f,Fluoruro,,1.5,,,mg/L,,salud,,,"Ley 24.585 de Protección Ambiental para la Actividad Minera (Código de Minería), anexo IV, tabla 1: fuentes de agua de bebida humana con tratamiento convencional."
l24585_t1,"Ley 24.585 (Código de Minería), anexo IV, tabla 1",Nacional · Argentina (actividad minera),Nivel guía (Ley 24.585),fuente,fe,Hierro,,0.3,,,mg/L,,salud,,,"Ley 24.585 de Protección Ambiental para la Actividad Minera (Código de Minería), anexo IV, tabla 1: fuentes de agua de bebida humana con tratamiento convencional."
l24585_t1,"Ley 24.585 (Código de Minería), anexo IV, tabla 1",Nacional · Argentina (actividad minera),Nivel guía (Ley 24.585),fuente,mn,Manganeso,,0.1,,,mg/L,,salud,,,"Ley 24.585 de Protección Ambiental para la Actividad Minera (Código de Minería), anexo IV, tabla 1: fuentes de agua de bebida humana con tratamiento convencional."
l24585_t1,"Ley 24.585 (Código de Minería), anexo IV, tabla 1",Nacional · Argentina (actividad minera),Nivel guía (Ley 24.585),fuente,hg,Mercurio,,0.001,,,mg/L,,salud,,,"Ley 24.585 de Protección Ambiental para la Actividad Minera (Código de Minería), anexo IV, tabla 1: fuentes de agua de bebida humana con tratamiento convencional."
l24585_t1,"Ley 24.585 (Código de Minería), anexo IV, tabla 1",Nacional · Argentina (actividad minera),Nivel guía (Ley 24.585),fuente,ni,Níquel,,0.025,,,mg/L,,salud,,,"Ley 24.585 de Protección Ambiental para la Actividad Minera (Código de Minería), anexo IV, tabla 1: fuentes de agua de bebida humana con tratamiento convencional."
l24585_t1,"Ley 24.585 (Código de Minería), anexo IV, tabla 1",Nacional · Argentina (actividad minera),Nivel guía (Ley 24.585),fuente,no3,Nitrato,,10,,,mg/L,N,salud,,"El decreto no aclara la forma; el valor es el de la EPA (fuente A de la tabla), expresado como N.","Ley 24.585 de Protección Ambiental para la Actividad Minera (Código de Minería), anexo IV, tabla 1: fuentes de agua de bebida humana con tratamiento convencional."
l24585_t1,"Ley 24.585 (Código de Minería), anexo IV, tabla 1",Nacional · Argentina (actividad minera),Nivel guía (Ley 24.585),fuente,no2,Nitrito,,1,,,mg/L,N,salud,,"El decreto no aclara la forma; el valor es el de la EPA (fuente B), expresado como N.","Ley 24.585 de Protección Ambiental para la Actividad Minera (Código de Minería), anexo IV, tabla 1: fuentes de agua de bebida humana con tratamiento convencional."
l24585_t1,"Ley 24.585 (Código de Minería), anexo IV, tabla 1",Nacional · Argentina (actividad minera),Nivel guía (Ley 24.585),fuente,ag,Plata,,0.05,,,mg/L,,salud,,,"Ley 24.585 de Protección Ambiental para la Actividad Minera (Código de Minería), anexo IV, tabla 1: fuentes de agua de bebida humana con tratamiento convencional."
l24585_t1,"Ley 24.585 (Código de Minería), anexo IV, tabla 1",Nacional · Argentina (actividad minera),Nivel guía (Ley 24.585),fuente,pb,Plomo,,0.05,,,mg/L,,salud,,,"Ley 24.585 de Protección Ambiental para la Actividad Minera (Código de Minería), anexo IV, tabla 1: fuentes de agua de bebida humana con tratamiento convencional."
l24585_t1,"Ley 24.585 (Código de Minería), anexo IV, tabla 1",Nacional · Argentina (actividad minera),Nivel guía (Ley 24.585),fuente,se,Selenio,,0.01,,,mg/L,,salud,,,"Ley 24.585 de Protección Ambiental para la Actividad Minera (Código de Minería), anexo IV, tabla 1: fuentes de agua de bebida humana con tratamiento convencional."
l24585_t1,"Ley 24.585 (Código de Minería), anexo IV, tabla 1",Nacional · Argentina (actividad minera),Nivel guía (Ley 24.585),fuente,tl,Talio,,0.018,,,mg/L,,salud,,,"Ley 24.585 de Protección Ambiental para la Actividad Minera (Código de Minería), anexo IV, tabla 1: fuentes de agua de bebida humana con tratamiento convencional."
l24585_t1,"Ley 24.585 (Código de Minería), anexo IV, tabla 1",Nacional · Argentina (actividad minera),Nivel guía (Ley 24.585),fuente,u,Uranio,,0.1,,,mg/L,,salud,,,"Ley 24.585 de Protección Ambiental para la Actividad Minera (Código de Minería), anexo IV, tabla 1: fuentes de agua de bebida humana con tratamiento convencional."
d831_t2,"Ley 24.051 · Dto. 831/93, anexo II, tabla 2",Nacional · Argentina,Nivel guía (Ley 24.051),acuatica,al,Aluminio,,,,,mg/L,,salud,"0,005 o 0,1 mg/L según pH, Ca y COD","5 µg/l con pH < 6,5, Ca²⁺ < 4 mg/l y COD < 2 mg/l; 100 µg/l con pH ≥ 6,5, Ca²⁺ ≥ 4 mg/l y COD ≥ 2 mg/l (nota 2 de la tabla 2).","Decreto 831/93, anexo II, tabla 2: Niveles guía de calidad de agua para protección de vida acuática. Agua dulce superficial."
d831_t2,"Ley 24.051 · Dto. 831/93, anexo II, tabla 2",Nacional · Argentina,Nivel guía (Ley 24.051),acuatica,nh4,Amonio,,1.37,,,mg/L,NH4,salud,,"«Amonio (total)» 1.370 µg/l. El decreto no aclara la forma; se compara como NH₄⁺.","Decreto 831/93, anexo II, tabla 2: Niveles guía de calidad de agua para protección de vida acuática. Agua dulce superficial."
d831_t2,"Ley 24.051 · Dto. 831/93, anexo II, tabla 2",Nacional · Argentina,Nivel guía (Ley 24.051),acuatica,sb,Antimonio,,0.016,,,mg/L,,salud,,,"Decreto 831/93, anexo II, tabla 2: Niveles guía de calidad de agua para protección de vida acuática. Agua dulce superficial."
d831_t2,"Ley 24.051 · Dto. 831/93, anexo II, tabla 2",Nacional · Argentina,Nivel guía (Ley 24.051),acuatica,as,Arsénico,,0.05,,,mg/L,,salud,,,"Decreto 831/93, anexo II, tabla 2: Niveles guía de calidad de agua para protección de vida acuática. Agua dulce superficial."
d831_t2,"Ley 24.051 · Dto. 831/93, anexo II, tabla 2",Nacional · Argentina,Nivel guía (Ley 24.051),acuatica,b,Boro,,0.75,,,mg/L,,salud,,,"Decreto 831/93, anexo II, tabla 2: Niveles guía de calidad de agua para protección de vida acuática. Agua dulce superficial."
d831_t2,"Ley 24.051 · Dto. 831/93, anexo II, tabla 2",Nacional · Argentina,Nivel guía (Ley 24.051),acuatica,cd,Cadmio,,,,,mg/L,,salud,"Según dureza: 0.0002 / 0.0008 / 0.0013 / 0.0018 mg/L para 0–60, 60–120, 120–180 y >180 mg/L CaCO3","Depende de la dureza (mg/l CaCO₃): 0–60, 60–120, 120–180 y > 180 (notas de la tabla 2).","Decreto 831/93, anexo II, tabla 2: Niveles guía de calidad de agua para protección de vida acuática. Agua dulce superficial."
d831_t2,"Ley 24.051 · Dto. 831/93, anexo II, tabla 2",Nacional · Argentina,Nivel guía (Ley 24.051),acuatica,cn,Cianuro,,0.005,,,mg/L,,salud,,"Como cianuro libre. Si el laboratorio informó cianuro total, la comparación es conservadora.","Decreto 831/93, anexo II, tabla 2: Niveles guía de calidad de agua para protección de vida acuática. Agua dulce superficial."
d831_t2,"Ley 24.051 · Dto. 831/93, anexo II, tabla 2",Nacional · Argentina,Nivel guía (Ley 24.051),acuatica,zn,Cinc,,0.03,,,mg/L,,salud,,,"Decreto 831/93, anexo II, tabla 2: Niveles guía de calidad de agua para protección de vida acuática. Agua dulce superficial."
d831_t2,"Ley 24.051 · Dto. 831/93, anexo II, tabla 2",Nacional · Argentina,Nivel guía (Ley 24.051),acuatica,cu,Cobre,,,,,mg/L,,salud,"Según dureza: 0.002 / 0.002 / 0.003 / 0.004 mg/L para 0–60, 60–120, 120–180 y >180 mg/L CaCO3","Depende de la dureza (mg/l CaCO₃): 0–60, 60–120, 120–180 y > 180 (notas de la tabla 2).","Decreto 831/93, anexo II, tabla 2: Niveles guía de calidad de agua para protección de vida acuática. Agua dulce superficial."
d831_t2,"Ley 24.051 · Dto. 831/93, anexo II, tabla 2",Nacional · Argentina,Nivel guía (Ley 24.051),acuatica,cr,Cromo total,,0.002,,,mg/L,,salud,,"2 µg/l para protección de la vida acuática incluido fito y zooplancton; 20 µg/l sólo para peces (nota 7).","Decreto 831/93, anexo II, tabla 2: Niveles guía de calidad de agua para protección de vida acuática. Agua dulce superficial."
d831_t2,"Ley 24.051 · Dto. 831/93, anexo II, tabla 2",Nacional · Argentina,Nivel guía (Ley 24.051),acuatica,hg,Mercurio,,0.0001,,,mg/L,,salud,,,"Decreto 831/93, anexo II, tabla 2: Niveles guía de calidad de agua para protección de vida acuática. Agua dulce superficial."
d831_t2,"Ley 24.051 · Dto. 831/93, anexo II, tabla 2",Nacional · Argentina,Nivel guía (Ley 24.051),acuatica,ni,Níquel,,,,,mg/L,,salud,"Según dureza: 0.025 / 0.065 / 0.11 / 0.15 mg/L para 0–60, 60–120, 120–180 y >180 mg/L CaCO3","Depende de la dureza (mg/l CaCO₃): 0–60, 60–120, 120–180 y > 180 (notas de la tabla 2).","Decreto 831/93, anexo II, tabla 2: Niveles guía de calidad de agua para protección de vida acuática. Agua dulce superficial."
d831_t2,"Ley 24.051 · Dto. 831/93, anexo II, tabla 2",Nacional · Argentina,Nivel guía (Ley 24.051),acuatica,pb,Plomo,,,,,mg/L,,salud,"Según dureza: 0.001 / 0.002 / 0.004 / 0.007 mg/L para 0–60, 60–120, 120–180 y >180 mg/L CaCO3","Depende de la dureza (mg/l CaCO₃): 0–60, 60–120, 120–180 y > 180 (notas de la tabla 2).","Decreto 831/93, anexo II, tabla 2: Niveles guía de calidad de agua para protección de vida acuática. Agua dulce superficial."
d831_t2,"Ley 24.051 · Dto. 831/93, anexo II, tabla 2",Nacional · Argentina,Nivel guía (Ley 24.051),acuatica,se,Selenio,,0.001,,,mg/L,,salud,,,"Decreto 831/93, anexo II, tabla 2: Niveles guía de calidad de agua para protección de vida acuática. Agua dulce superficial."
d831_t2,"Ley 24.051 · Dto. 831/93, anexo II, tabla 2",Nacional · Argentina,Nivel guía (Ley 24.051),acuatica,mn,Manganeso,,0.1,,,mg/L,,salud,,,"Decreto 831/93, anexo II, tabla 2: Niveles guía de calidad de agua para protección de vida acuática. Agua dulce superficial."
d831_t2,"Ley 24.051 · Dto. 831/93, anexo II, tabla 2",Nacional · Argentina,Nivel guía (Ley 24.051),acuatica,u,Uranio,,0.02,,,mg/L,,salud,,,"Decreto 831/93, anexo II, tabla 2: Niveles guía de calidad de agua para protección de vida acuática. Agua dulce superficial."
d831_t2,"Ley 24.051 · Dto. 831/93, anexo II, tabla 2",Nacional · Argentina,Nivel guía (Ley 24.051),acuatica,v,Vanadio,,0.1,,,mg/L,,salud,,,"Decreto 831/93, anexo II, tabla 2: Niveles guía de calidad de agua para protección de vida acuática. Agua dulce superficial."
l24585_t2,"Ley 24.585 (Código de Minería), anexo IV, tabla 2",Nacional · Argentina (actividad minera),Nivel guía (Ley 24.585),acuatica,al,Aluminio,,,,,mg/L,,salud,"0,005 o 0,1 mg/L según pH, Ca y COD","5 µg/l con pH < 6,5, Ca²⁺ < 4 mg/l y COD < 2 mg/l; 100 µg/l con pH ≥ 6,5, Ca²⁺ ≥ 4 mg/l y COD ≥ 2 mg/l (nota 2 de la tabla 2).","Ley 24.585, anexo IV, tabla 2: protección de vida acuática, agua dulce superficial."
l24585_t2,"Ley 24.585 (Código de Minería), anexo IV, tabla 2",Nacional · Argentina (actividad minera),Nivel guía (Ley 24.585),acuatica,nh4,Amonio,,1.37,,,mg/L,NH4,salud,,"«Amonio (total)» 1.370 µg/l. El decreto no aclara la forma; se compara como NH₄⁺.","Ley 24.585, anexo IV, tabla 2: protección de vida acuática, agua dulce superficial."
l24585_t2,"Ley 24.585 (Código de Minería), anexo IV, tabla 2",Nacional · Argentina (actividad minera),Nivel guía (Ley 24.585),acuatica,sb,Antimonio,,0.016,,,mg/L,,salud,,,"Ley 24.585, anexo IV, tabla 2: protección de vida acuática, agua dulce superficial."
l24585_t2,"Ley 24.585 (Código de Minería), anexo IV, tabla 2",Nacional · Argentina (actividad minera),Nivel guía (Ley 24.585),acuatica,as,Arsénico,,0.05,,,mg/L,,salud,,,"Ley 24.585, anexo IV, tabla 2: protección de vida acuática, agua dulce superficial."
l24585_t2,"Ley 24.585 (Código de Minería), anexo IV, tabla 2",Nacional · Argentina (actividad minera),Nivel guía (Ley 24.585),acuatica,b,Boro,,0.75,,,mg/L,,salud,,,"Ley 24.585, anexo IV, tabla 2: protección de vida acuática, agua dulce superficial."
l24585_t2,"Ley 24.585 (Código de Minería), anexo IV, tabla 2",Nacional · Argentina (actividad minera),Nivel guía (Ley 24.585),acuatica,cd,Cadmio,,,,,mg/L,,salud,"Según dureza: 0.0002 / 0.0008 / 0.0013 / 0.0018 mg/L para 0–60, 60–120, 120–180 y >180 mg/L CaCO3","Depende de la dureza (mg/l CaCO₃): 0–60, 60–120, 120–180 y > 180 (notas de la tabla 2).","Ley 24.585, anexo IV, tabla 2: protección de vida acuática, agua dulce superficial."
l24585_t2,"Ley 24.585 (Código de Minería), anexo IV, tabla 2",Nacional · Argentina (actividad minera),Nivel guía (Ley 24.585),acuatica,cn,Cianuro,,0.005,,,mg/L,,salud,,"Como cianuro libre. Si el laboratorio informó cianuro total, la comparación es conservadora.","Ley 24.585, anexo IV, tabla 2: protección de vida acuática, agua dulce superficial."
l24585_t2,"Ley 24.585 (Código de Minería), anexo IV, tabla 2",Nacional · Argentina (actividad minera),Nivel guía (Ley 24.585),acuatica,zn,Cinc,,0.03,,,mg/L,,salud,,,"Ley 24.585, anexo IV, tabla 2: protección de vida acuática, agua dulce superficial."
l24585_t2,"Ley 24.585 (Código de Minería), anexo IV, tabla 2",Nacional · Argentina (actividad minera),Nivel guía (Ley 24.585),acuatica,cu,Cobre,,,,,mg/L,,salud,"Según dureza: 0.002 / 0.002 / 0.003 / 0.004 mg/L para 0–60, 60–120, 120–180 y >180 mg/L CaCO3","Depende de la dureza (mg/l CaCO₃): 0–60, 60–120, 120–180 y > 180 (notas de la tabla 2).","Ley 24.585, anexo IV, tabla 2: protección de vida acuática, agua dulce superficial."
l24585_t2,"Ley 24.585 (Código de Minería), anexo IV, tabla 2",Nacional · Argentina (actividad minera),Nivel guía (Ley 24.585),acuatica,cr,Cromo total,,0.002,,,mg/L,,salud,,"2 µg/l para protección de la vida acuática incluido fito y zooplancton; 20 µg/l sólo para peces (nota 7).","Ley 24.585, anexo IV, tabla 2: protección de vida acuática, agua dulce superficial."
l24585_t2,"Ley 24.585 (Código de Minería), anexo IV, tabla 2",Nacional · Argentina (actividad minera),Nivel guía (Ley 24.585),acuatica,hg,Mercurio,,0.0001,,,mg/L,,salud,,,"Ley 24.585, anexo IV, tabla 2: protección de vida acuática, agua dulce superficial."
l24585_t2,"Ley 24.585 (Código de Minería), anexo IV, tabla 2",Nacional · Argentina (actividad minera),Nivel guía (Ley 24.585),acuatica,ni,Níquel,,,,,mg/L,,salud,"Según dureza: 0.025 / 0.065 / 0.11 / 0.15 mg/L para 0–60, 60–120, 120–180 y >180 mg/L CaCO3","Depende de la dureza (mg/l CaCO₃): 0–60, 60–120, 120–180 y > 180 (notas de la tabla 2).","Ley 24.585, anexo IV, tabla 2: protección de vida acuática, agua dulce superficial."
l24585_t2,"Ley 24.585 (Código de Minería), anexo IV, tabla 2",Nacional · Argentina (actividad minera),Nivel guía (Ley 24.585),acuatica,pb,Plomo,,,,,mg/L,,salud,"Según dureza: 0.001 / 0.002 / 0.004 / 0.007 mg/L para 0–60, 60–120, 120–180 y >180 mg/L CaCO3","Depende de la dureza (mg/l CaCO₃): 0–60, 60–120, 120–180 y > 180 (notas de la tabla 2).","Ley 24.585, anexo IV, tabla 2: protección de vida acuática, agua dulce superficial."
l24585_t2,"Ley 24.585 (Código de Minería), anexo IV, tabla 2",Nacional · Argentina (actividad minera),Nivel guía (Ley 24.585),acuatica,se,Selenio,,0.001,,,mg/L,,salud,,,"Ley 24.585, anexo IV, tabla 2: protección de vida acuática, agua dulce superficial."
l24585_t2,"Ley 24.585 (Código de Minería), anexo IV, tabla 2",Nacional · Argentina (actividad minera),Nivel guía (Ley 24.585),acuatica,mn,Manganeso,,0.1,,,mg/L,,salud,,,"Ley 24.585, anexo IV, tabla 2: protección de vida acuática, agua dulce superficial."
l24585_t2,"Ley 24.585 (Código de Minería), anexo IV, tabla 2",Nacional · Argentina (actividad minera),Nivel guía (Ley 24.585),acuatica,u,Uranio,,0.02,,,mg/L,,salud,,,"Ley 24.585, anexo IV, tabla 2: protección de vida acuática, agua dulce superficial."
l24585_t2,"Ley 24.585 (Código de Minería), anexo IV, tabla 2",Nacional · Argentina (actividad minera),Nivel guía (Ley 24.585),acuatica,v,Vanadio,,0.1,,,mg/L,,salud,,,"Ley 24.585, anexo IV, tabla 2: protección de vida acuática, agua dulce superficial."
d831_t5,"Ley 24.051 · Dto. 831/93, anexo II, tabla 5",Nacional · Argentina,Nivel guía (Ley 24.051),riego,al,Aluminio,,5,,,mg/L,,salud,,,"Decreto 831/93, anexo II, tabla 5: Niveles guía de calidad de agua para irrigación."
d831_t5,"Ley 24.051 · Dto. 831/93, anexo II, tabla 5",Nacional · Argentina,Nivel guía (Ley 24.051),riego,as,Arsénico,,0.1,,,mg/L,,salud,,,"Decreto 831/93, anexo II, tabla 5: Niveles guía de calidad de agua para irrigación."
d831_t5,"Ley 24.051 · Dto. 831/93, anexo II, tabla 5",Nacional · Argentina,Nivel guía (Ley 24.051),riego,be,Berilio,,0.1,,,mg/L,,salud,,,"Decreto 831/93, anexo II, tabla 5: Niveles guía de calidad de agua para irrigación."
d831_t5,"Ley 24.051 · Dto. 831/93, anexo II, tabla 5",Nacional · Argentina,Nivel guía (Ley 24.051),riego,b,Boro,,0.5,,,mg/L,,salud,,,"Decreto 831/93, anexo II, tabla 5: Niveles guía de calidad de agua para irrigación."
d831_t5,"Ley 24.051 · Dto. 831/93, anexo II, tabla 5",Nacional · Argentina,Nivel guía (Ley 24.051),riego,cd,Cadmio,,0.01,,,mg/L,,salud,,,"Decreto 831/93, anexo II, tabla 5: Niveles guía de calidad de agua para irrigación."
d831_t5,"Ley 24.051 · Dto. 831/93, anexo II, tabla 5",Nacional · Argentina,Nivel guía (Ley 24.051),riego,zn,Cinc,,2,,,mg/L,,salud,,,"Decreto 831/93, anexo II, tabla 5: Niveles guía de calidad de agua para irrigación."
d831_t5,"Ley 24.051 · Dto. 831/93, anexo II, tabla 5",Nacional · Argentina,Nivel guía (Ley 24.051),riego,co,Cobalto,,0.05,,,mg/L,,salud,,,"Decreto 831/93, anexo II, tabla 5: Niveles guía de calidad de agua para irrigación."
d831_t5,"Ley 24.051 · Dto. 831/93, anexo II, tabla 5",Nacional · Argentina,Nivel guía (Ley 24.051),riego,cu,Cobre,,0.2,,,mg/L,,salud,,,"Decreto 831/93, anexo II, tabla 5: Niveles guía de calidad de agua para irrigación."
d831_t5,"Ley 24.051 · Dto. 831/93, anexo II, tabla 5",Nacional · Argentina,Nivel guía (Ley 24.051),riego,cr,Cromo total,,0.1,,,mg/L,,salud,,,"Decreto 831/93, anexo II, tabla 5: Niveles guía de calidad de agua para irrigación."
d831_t5,"Ley 24.051 · Dto. 831/93, anexo II, tabla 5",Nacional · Argentina,Nivel guía (Ley 24.051),riego,f,Fluoruro,,1,,,mg/L,,salud,,,"Decreto 831/93, anexo II, tabla 5: Niveles guía de calidad de agua para irrigación."
d831_t5,"Ley 24.051 · Dto. 831/93, anexo II, tabla 5",Nacional · Argentina,Nivel guía (Ley 24.051),riego,fe,Hierro,,5,,,mg/L,,salud,,,"Decreto 831/93, anexo II, tabla 5: Niveles guía de calidad de agua para irrigación."
d831_t5,"Ley 24.051 · Dto. 831/93, anexo II, tabla 5",Nacional · Argentina,Nivel guía (Ley 24.051),riego,li,Litio,,2.5,,,mg/L,,salud,,,"Decreto 831/93, anexo II, tabla 5: Niveles guía de calidad de agua para irrigación."
d831_t5,"Ley 24.051 · Dto. 831/93, anexo II, tabla 5",Nacional · Argentina,Nivel guía (Ley 24.051),riego,mn,Manganeso,,0.2,,,mg/L,,salud,,,"Decreto 831/93, anexo II, tabla 5: Niveles guía de calidad de agua para irrigación."
d831_t5,"Ley 24.051 · Dto. 831/93, anexo II, tabla 5",Nacional · Argentina,Nivel guía (Ley 24.051),riego,mo,Molibdeno,,0.01,,,mg/L,,salud,,,"Decreto 831/93, anexo II, tabla 5: Niveles guía de calidad de agua para irrigación."
d831_t5,"Ley 24.051 · Dto. 831/93, anexo II, tabla 5",Nacional · Argentina,Nivel guía (Ley 24.051),riego,ni,Níquel,,0.2,,,mg/L,,salud,,,"Decreto 831/93, anexo II, tabla 5: Niveles guía de calidad de agua para irrigación."
d831_t5,"Ley 24.051 · Dto. 831/93, anexo II, tabla 5",Nacional · Argentina,Nivel guía (Ley 24.051),riego,pb,Plomo,,0.2,,,mg/L,,salud,,,"Decreto 831/93, anexo II, tabla 5: Niveles guía de calidad de agua para irrigación."
d831_t5,"Ley 24.051 · Dto. 831/93, anexo II, tabla 5",Nacional · Argentina,Nivel guía (Ley 24.051),riego,se,Selenio,,0.02,,,mg/L,,salud,,,"Decreto 831/93, anexo II, tabla 5: Niveles guía de calidad de agua para irrigación."
d831_t5,"Ley 24.051 · Dto. 831/93, anexo II, tabla 5",Nacional · Argentina,Nivel guía (Ley 24.051),riego,u,Uranio,,0.01,,,mg/L,,salud,,,"Decreto 831/93, anexo II, tabla 5: Niveles guía de calidad de agua para irrigación."
d831_t5,"Ley 24.051 · Dto. 831/93, anexo II, tabla 5",Nacional · Argentina,Nivel guía (Ley 24.051),riego,v,Vanadio,,0.1,,,mg/L,,salud,,,"Decreto 831/93, anexo II, tabla 5: Niveles guía de calidad de agua para irrigación."
l24585_t5,"Ley 24.585 (Código de Minería), anexo IV, tabla 5",Nacional · Argentina (actividad minera),Nivel guía (Ley 24.585),riego,al,Aluminio,,5,,,mg/L,,salud,,,"Ley 24.585, anexo IV, tabla 5: irrigación."
l24585_t5,"Ley 24.585 (Código de Minería), anexo IV, tabla 5",Nacional · Argentina (actividad minera),Nivel guía (Ley 24.585),riego,as,Arsénico,,0.1,,,mg/L,,salud,,,"Ley 24.585, anexo IV, tabla 5: irrigación."
l24585_t5,"Ley 24.585 (Código de Minería), anexo IV, tabla 5",Nacional · Argentina (actividad minera),Nivel guía (Ley 24.585),riego,be,Berilio,,0.1,,,mg/L,,salud,,,"Ley 24.585, anexo IV, tabla 5: irrigación."
l24585_t5,"Ley 24.585 (Código de Minería), anexo IV, tabla 5",Nacional · Argentina (actividad minera),Nivel guía (Ley 24.585),riego,b,Boro,,0.5,,,mg/L,,salud,,,"Ley 24.585, anexo IV, tabla 5: irrigación."
l24585_t5,"Ley 24.585 (Código de Minería), anexo IV, tabla 5",Nacional · Argentina (actividad minera),Nivel guía (Ley 24.585),riego,cd,Cadmio,,0.01,,,mg/L,,salud,,,"Ley 24.585, anexo IV, tabla 5: irrigación."
l24585_t5,"Ley 24.585 (Código de Minería), anexo IV, tabla 5",Nacional · Argentina (actividad minera),Nivel guía (Ley 24.585),riego,zn,Cinc,,2,,,mg/L,,salud,,,"Ley 24.585, anexo IV, tabla 5: irrigación."
l24585_t5,"Ley 24.585 (Código de Minería), anexo IV, tabla 5",Nacional · Argentina (actividad minera),Nivel guía (Ley 24.585),riego,co,Cobalto,,0.05,,,mg/L,,salud,,,"Ley 24.585, anexo IV, tabla 5: irrigación."
l24585_t5,"Ley 24.585 (Código de Minería), anexo IV, tabla 5",Nacional · Argentina (actividad minera),Nivel guía (Ley 24.585),riego,cu,Cobre,,0.2,,,mg/L,,salud,,,"Ley 24.585, anexo IV, tabla 5: irrigación."
l24585_t5,"Ley 24.585 (Código de Minería), anexo IV, tabla 5",Nacional · Argentina (actividad minera),Nivel guía (Ley 24.585),riego,cr,Cromo total,,0.1,,,mg/L,,salud,,,"Ley 24.585, anexo IV, tabla 5: irrigación."
l24585_t5,"Ley 24.585 (Código de Minería), anexo IV, tabla 5",Nacional · Argentina (actividad minera),Nivel guía (Ley 24.585),riego,f,Fluoruro,,1,,,mg/L,,salud,,,"Ley 24.585, anexo IV, tabla 5: irrigación."
l24585_t5,"Ley 24.585 (Código de Minería), anexo IV, tabla 5",Nacional · Argentina (actividad minera),Nivel guía (Ley 24.585),riego,fe,Hierro,,5,,,mg/L,,salud,,,"Ley 24.585, anexo IV, tabla 5: irrigación."
l24585_t5,"Ley 24.585 (Código de Minería), anexo IV, tabla 5",Nacional · Argentina (actividad minera),Nivel guía (Ley 24.585),riego,li,Litio,,2.5,,,mg/L,,salud,,,"Ley 24.585, anexo IV, tabla 5: irrigación."
l24585_t5,"Ley 24.585 (Código de Minería), anexo IV, tabla 5",Nacional · Argentina (actividad minera),Nivel guía (Ley 24.585),riego,mn,Manganeso,,0.2,,,mg/L,,salud,,,"Ley 24.585, anexo IV, tabla 5: irrigación."
l24585_t5,"Ley 24.585 (Código de Minería), anexo IV, tabla 5",Nacional · Argentina (actividad minera),Nivel guía (Ley 24.585),riego,mo,Molibdeno,,0.01,,,mg/L,,salud,,,"Ley 24.585, anexo IV, tabla 5: irrigación."
l24585_t5,"Ley 24.585 (Código de Minería), anexo IV, tabla 5",Nacional · Argentina (actividad minera),Nivel guía (Ley 24.585),riego,ni,Níquel,,0.2,,,mg/L,,salud,,,"Ley 24.585, anexo IV, tabla 5: irrigación."
l24585_t5,"Ley 24.585 (Código de Minería), anexo IV, tabla 5",Nacional · Argentina (actividad minera),Nivel guía (Ley 24.585),riego,pb,Plomo,,0.2,,,mg/L,,salud,,,"Ley 24.585, anexo IV, tabla 5: irrigación."
l24585_t5,"Ley 24.585 (Código de Minería), anexo IV, tabla 5",Nacional · Argentina (actividad minera),Nivel guía (Ley 24.585),riego,se,Selenio,,0.02,,,mg/L,,salud,,,"Ley 24.585, anexo IV, tabla 5: irrigación."
l24585_t5,"Ley 24.585 (Código de Minería), anexo IV, tabla 5",Nacional · Argentina (actividad minera),Nivel guía (Ley 24.585),riego,u,Uranio,,0.01,,,mg/L,,salud,,,"Ley 24.585, anexo IV, tabla 5: irrigación."
l24585_t5,"Ley 24.585 (Código de Minería), anexo IV, tabla 5",Nacional · Argentina (actividad minera),Nivel guía (Ley 24.585),riego,v,Vanadio,,0.1,,,mg/L,,salud,,,"Ley 24.585, anexo IV, tabla 5: irrigación."
fao29,"FAO · Ayers y Westcot, Water quality for agriculture (Estudio FAO Riego y Drenaje 29, rev. 1)",Internacional · FAO,Guía técnica (grados de restricción),riego,ce,Conductividad eléctrica,,,700,3000,µS/cm,,grado,,"Salinidad: < 0,7 dS/m sin restricción; 0,7–3,0 ligera a moderada; > 3,0 severa.","Ayers, R. S. y D. W. Westcot. 1985. Water quality for agriculture. FAO Irrigation and Drainage Paper 29 rev. 1. FAO, Roma. Tabla 1."
fao29,"FAO · Ayers y Westcot, Water quality for agriculture (Estudio FAO Riego y Drenaje 29, rev. 1)",Internacional · FAO,Guía técnica (grados de restricción),riego,sdt,Sólidos disueltos totales,,,450,2000,mg/L,,grado,,,"Ayers, R. S. y D. W. Westcot. 1985. Water quality for agriculture. FAO Irrigation and Drainage Paper 29 rev. 1. FAO, Roma. Tabla 1."
fao29,"FAO · Ayers y Westcot, Water quality for agriculture (Estudio FAO Riego y Drenaje 29, rev. 1)",Internacional · FAO,Guía técnica (grados de restricción),riego,sar,RAS (relación de adsorción de sodio),,,3,9,—,,grado,,Toxicidad por sodio en riego superficial (RAS). La infiltración (RAS con CE) va en «Iones y derivados».,"Ayers, R. S. y D. W. Westcot. 1985. Water quality for agriculture. FAO Irrigation and Drainage Paper 29 rev. 1. FAO, Roma. Tabla 1."
fao29,"FAO · Ayers y Westcot, Water quality for agriculture (Estudio FAO Riego y Drenaje 29, rev. 1)",Internacional · FAO,Guía técnica (grados de restricción),riego,cl,Cloruro,,,141.8,354.5,mg/L,,grado,,"4 y 10 meq/l, riego superficial. En aspersión: > 3 meq/l (106 mg/l) ya restringe.","Ayers, R. S. y D. W. Westcot. 1985. Water quality for agriculture. FAO Irrigation and Drainage Paper 29 rev. 1. FAO, Roma. Tabla 1."
fao29,"FAO · Ayers y Westcot, Water quality for agriculture (Estudio FAO Riego y Drenaje 29, rev. 1)",Internacional · FAO,Guía técnica (grados de restricción),riego,b,Boro,,,0.7,3,mg/L,,grado,,,"Ayers, R. S. y D. W. Westcot. 1985. Water quality for agriculture. FAO Irrigation and Drainage Paper 29 rev. 1. FAO, Roma. Tabla 1."
fao29,"FAO · Ayers y Westcot, Water quality for agriculture (Estudio FAO Riego y Drenaje 29, rev. 1)",Internacional · FAO,Guía técnica (grados de restricción),riego,no3,Nitrato,,,5,30,mg/L,N,grado,,"Nitrógeno como nitrato (NO₃-N); afecta cultivos sensibles.","Ayers, R. S. y D. W. Westcot. 1985. Water quality for agriculture. FAO Irrigation and Drainage Paper 29 rev. 1. FAO, Roma. Tabla 1."
fao29,"FAO · Ayers y Westcot, Water quality for agriculture (Estudio FAO Riego y Drenaje 29, rev. 1)",Internacional · FAO,Guía técnica (grados de restricción),riego,hco3,Bicarbonato,,,91.5,518.7,mg/L,,grado,,"1,5 y 8,5 meq/l; sólo aspersión sobre follaje.","Ayers, R. S. y D. W. Westcot. 1985. Water quality for agriculture. FAO Irrigation and Drainage Paper 29 rev. 1. FAO, Roma. Tabla 1."
fao29,"FAO · Ayers y Westcot, Water quality for agriculture (Estudio FAO Riego y Drenaje 29, rev. 1)",Internacional · FAO,Guía técnica (grados de restricción),riego,ph,pH,6.5,8.4,,,unid. pH,,operativo,,Rango normal.,"Ayers, R. S. y D. W. Westcot. 1985. Water quality for agriculture. FAO Irrigation and Drainage Paper 29 rev. 1. FAO, Roma. Tabla 1."
d831_t6,"Ley 24.051 · Dto. 831/93, anexo II, tabla 6",Nacional · Argentina,Nivel guía (Ley 24.051),ganado,al,Aluminio,,5,,,mg/L,,salud,,,"Decreto 831/93, anexo II, tabla 6: Niveles guía de calidad de agua para bebida de ganado."
d831_t6,"Ley 24.051 · Dto. 831/93, anexo II, tabla 6",Nacional · Argentina,Nivel guía (Ley 24.051),ganado,as,Arsénico,,0.5,,,mg/L,,salud,,,"Decreto 831/93, anexo II, tabla 6: Niveles guía de calidad de agua para bebida de ganado."
d831_t6,"Ley 24.051 · Dto. 831/93, anexo II, tabla 6",Nacional · Argentina,Nivel guía (Ley 24.051),ganado,be,Berilio,,0.1,,,mg/L,,salud,,,"Decreto 831/93, anexo II, tabla 6: Niveles guía de calidad de agua para bebida de ganado."
d831_t6,"Ley 24.051 · Dto. 831/93, anexo II, tabla 6",Nacional · Argentina,Nivel guía (Ley 24.051),ganado,b,Boro,,5,,,mg/L,,salud,,,"Decreto 831/93, anexo II, tabla 6: Niveles guía de calidad de agua para bebida de ganado."
d831_t6,"Ley 24.051 · Dto. 831/93, anexo II, tabla 6",Nacional · Argentina,Nivel guía (Ley 24.051),ganado,cd,Cadmio,,0.02,,,mg/L,,salud,,,"Decreto 831/93, anexo II, tabla 6: Niveles guía de calidad de agua para bebida de ganado."
d831_t6,"Ley 24.051 · Dto. 831/93, anexo II, tabla 6",Nacional · Argentina,Nivel guía (Ley 24.051),ganado,zn,Cinc,,0.05,,,mg/L,,salud,,"Valor impreso en el decreto: 50 µg/l. La fuente que cita (CCREM 1987) fija 50 mg/l para ganado, mil veces más: probable error de transcripción. Kenti compara con el valor impreso.","Decreto 831/93, anexo II, tabla 6: Niveles guía de calidad de agua para bebida de ganado."
d831_t6,"Ley 24.051 · Dto. 831/93, anexo II, tabla 6",Nacional · Argentina,Nivel guía (Ley 24.051),ganado,co,Cobalto,,1,,,mg/L,,salud,,,"Decreto 831/93, anexo II, tabla 6: Niveles guía de calidad de agua para bebida de ganado."
d831_t6,"Ley 24.051 · Dto. 831/93, anexo II, tabla 6",Nacional · Argentina,Nivel guía (Ley 24.051),ganado,cu,Cobre,,1,,,mg/L,,salud,,,"Decreto 831/93, anexo II, tabla 6: Niveles guía de calidad de agua para bebida de ganado."
d831_t6,"Ley 24.051 · Dto. 831/93, anexo II, tabla 6",Nacional · Argentina,Nivel guía (Ley 24.051),ganado,cr,Cromo total,,1,,,mg/L,,salud,,,"Decreto 831/93, anexo II, tabla 6: Niveles guía de calidad de agua para bebida de ganado."
d831_t6,"Ley 24.051 · Dto. 831/93, anexo II, tabla 6",Nacional · Argentina,Nivel guía (Ley 24.051),ganado,f,Fluoruro,,1,,,mg/L,,salud,,,"Decreto 831/93, anexo II, tabla 6: Niveles guía de calidad de agua para bebida de ganado."
d831_t6,"Ley 24.051 · Dto. 831/93, anexo II, tabla 6",Nacional · Argentina,Nivel guía (Ley 24.051),ganado,hg,Mercurio,,0.003,,,mg/L,,salud,,,"Decreto 831/93, anexo II, tabla 6: Niveles guía de calidad de agua para bebida de ganado."
d831_t6,"Ley 24.051 · Dto. 831/93, anexo II, tabla 6",Nacional · Argentina,Nivel guía (Ley 24.051),ganado,mo,Molibdeno,,0.5,,,mg/L,,salud,,,"Decreto 831/93, anexo II, tabla 6: Niveles guía de calidad de agua para bebida de ganado."
d831_t6,"Ley 24.051 · Dto. 831/93, anexo II, tabla 6",Nacional · Argentina,Nivel guía (Ley 24.051),ganado,ni,Níquel,,1,,,mg/L,,salud,,,"Decreto 831/93, anexo II, tabla 6: Niveles guía de calidad de agua para bebida de ganado."
d831_t6,"Ley 24.051 · Dto. 831/93, anexo II, tabla 6",Nacional · Argentina,Nivel guía (Ley 24.051),ganado,pb,Plomo,,0.1,,,mg/L,,salud,,,"Decreto 831/93, anexo II, tabla 6: Niveles guía de calidad de agua para bebida de ganado."
d831_t6,"Ley 24.051 · Dto. 831/93, anexo II, tabla 6",Nacional · Argentina,Nivel guía (Ley 24.051),ganado,se,Selenio,,0.05,,,mg/L,,salud,,,"Decreto 831/93, anexo II, tabla 6: Niveles guía de calidad de agua para bebida de ganado."
d831_t6,"Ley 24.051 · Dto. 831/93, anexo II, tabla 6",Nacional · Argentina,Nivel guía (Ley 24.051),ganado,u,Uranio,,0.2,,,mg/L,,salud,,,"Decreto 831/93, anexo II, tabla 6: Niveles guía de calidad de agua para bebida de ganado."
d831_t6,"Ley 24.051 · Dto. 831/93, anexo II, tabla 6",Nacional · Argentina,Nivel guía (Ley 24.051),ganado,v,Vanadio,,0.1,,,mg/L,,salud,,,"Decreto 831/93, anexo II, tabla 6: Niveles guía de calidad de agua para bebida de ganado."
l24585_t6,"Ley 24.585 (Código de Minería), anexo IV, tabla 6",Nacional · Argentina (actividad minera),Nivel guía (Ley 24.585),ganado,al,Aluminio,,5,,,mg/L,,salud,,,"Ley 24.585, anexo IV, tabla 6: bebida de ganado."
l24585_t6,"Ley 24.585 (Código de Minería), anexo IV, tabla 6",Nacional · Argentina (actividad minera),Nivel guía (Ley 24.585),ganado,as,Arsénico,,0.5,,,mg/L,,salud,,,"Ley 24.585, anexo IV, tabla 6: bebida de ganado."
l24585_t6,"Ley 24.585 (Código de Minería), anexo IV, tabla 6",Nacional · Argentina (actividad minera),Nivel guía (Ley 24.585),ganado,be,Berilio,,0.1,,,mg/L,,salud,,,"Ley 24.585, anexo IV, tabla 6: bebida de ganado."
l24585_t6,"Ley 24.585 (Código de Minería), anexo IV, tabla 6",Nacional · Argentina (actividad minera),Nivel guía (Ley 24.585),ganado,b,Boro,,5,,,mg/L,,salud,,,"Ley 24.585, anexo IV, tabla 6: bebida de ganado."
l24585_t6,"Ley 24.585 (Código de Minería), anexo IV, tabla 6",Nacional · Argentina (actividad minera),Nivel guía (Ley 24.585),ganado,cd,Cadmio,,0.02,,,mg/L,,salud,,,"Ley 24.585, anexo IV, tabla 6: bebida de ganado."
l24585_t6,"Ley 24.585 (Código de Minería), anexo IV, tabla 6",Nacional · Argentina (actividad minera),Nivel guía (Ley 24.585),ganado,zn,Cinc,,0.05,,,mg/L,,salud,,"Valor impreso en el decreto: 50 µg/l. La fuente que cita (CCREM 1987) fija 50 mg/l para ganado, mil veces más: probable error de transcripción. Kenti compara con el valor impreso.","Ley 24.585, anexo IV, tabla 6: bebida de ganado."
l24585_t6,"Ley 24.585 (Código de Minería), anexo IV, tabla 6",Nacional · Argentina (actividad minera),Nivel guía (Ley 24.585),ganado,co,Cobalto,,1,,,mg/L,,salud,,,"Ley 24.585, anexo IV, tabla 6: bebida de ganado."
l24585_t6,"Ley 24.585 (Código de Minería), anexo IV, tabla 6",Nacional · Argentina (actividad minera),Nivel guía (Ley 24.585),ganado,cu,Cobre,,1,,,mg/L,,salud,,,"Ley 24.585, anexo IV, tabla 6: bebida de ganado."
l24585_t6,"Ley 24.585 (Código de Minería), anexo IV, tabla 6",Nacional · Argentina (actividad minera),Nivel guía (Ley 24.585),ganado,cr,Cromo total,,1,,,mg/L,,salud,,,"Ley 24.585, anexo IV, tabla 6: bebida de ganado."
l24585_t6,"Ley 24.585 (Código de Minería), anexo IV, tabla 6",Nacional · Argentina (actividad minera),Nivel guía (Ley 24.585),ganado,f,Fluoruro,,1,,,mg/L,,salud,,,"Ley 24.585, anexo IV, tabla 6: bebida de ganado."
l24585_t6,"Ley 24.585 (Código de Minería), anexo IV, tabla 6",Nacional · Argentina (actividad minera),Nivel guía (Ley 24.585),ganado,hg,Mercurio,,0.003,,,mg/L,,salud,,,"Ley 24.585, anexo IV, tabla 6: bebida de ganado."
l24585_t6,"Ley 24.585 (Código de Minería), anexo IV, tabla 6",Nacional · Argentina (actividad minera),Nivel guía (Ley 24.585),ganado,mo,Molibdeno,,0.5,,,mg/L,,salud,,,"Ley 24.585, anexo IV, tabla 6: bebida de ganado."
l24585_t6,"Ley 24.585 (Código de Minería), anexo IV, tabla 6",Nacional · Argentina (actividad minera),Nivel guía (Ley 24.585),ganado,ni,Níquel,,1,,,mg/L,,salud,,,"Ley 24.585, anexo IV, tabla 6: bebida de ganado."
l24585_t6,"Ley 24.585 (Código de Minería), anexo IV, tabla 6",Nacional · Argentina (actividad minera),Nivel guía (Ley 24.585),ganado,pb,Plomo,,0.1,,,mg/L,,salud,,,"Ley 24.585, anexo IV, tabla 6: bebida de ganado."
l24585_t6,"Ley 24.585 (Código de Minería), anexo IV, tabla 6",Nacional · Argentina (actividad minera),Nivel guía (Ley 24.585),ganado,se,Selenio,,0.05,,,mg/L,,salud,,,"Ley 24.585, anexo IV, tabla 6: bebida de ganado."
l24585_t6,"Ley 24.585 (Código de Minería), anexo IV, tabla 6",Nacional · Argentina (actividad minera),Nivel guía (Ley 24.585),ganado,u,Uranio,,0.2,,,mg/L,,salud,,,"Ley 24.585, anexo IV, tabla 6: bebida de ganado."
l24585_t6,"Ley 24.585 (Código de Minería), anexo IV, tabla 6",Nacional · Argentina (actividad minera),Nivel guía (Ley 24.585),ganado,v,Vanadio,,0.1,,,mg/L,,salud,,,"Ley 24.585, anexo IV, tabla 6: bebida de ganado."
ccme_ganado,"CCME · Canadian Water Quality Guidelines, protección de usos agrícolas: bebida de ganado",Nacional · Canadá,Guía (no obligatoria),ganado,al,Aluminio,,5,,,mg/L,,salud,,,Canadian Council of Ministers of the Environment. Canadian Environmental Quality Guidelines: Water Quality Guidelines for the Protection of Agricultural Water Uses — Livestock water (CCREM 1987 y actualizaciones).
ccme_ganado,"CCME · Canadian Water Quality Guidelines, protección de usos agrícolas: bebida de ganado",Nacional · Canadá,Guía (no obligatoria),ganado,as,Arsénico,,0.025,,,mg/L,,salud,,,Canadian Council of Ministers of the Environment. Canadian Environmental Quality Guidelines: Water Quality Guidelines for the Protection of Agricultural Water Uses — Livestock water (CCREM 1987 y actualizaciones).
ccme_ganado,"CCME · Canadian Water Quality Guidelines, protección de usos agrícolas: bebida de ganado",Nacional · Canadá,Guía (no obligatoria),ganado,be,Berilio,,0.1,,,mg/L,,salud,,,Canadian Council of Ministers of the Environment. Canadian Environmental Quality Guidelines: Water Quality Guidelines for the Protection of Agricultural Water Uses — Livestock water (CCREM 1987 y actualizaciones).
ccme_ganado,"CCME · Canadian Water Quality Guidelines, protección de usos agrícolas: bebida de ganado",Nacional · Canadá,Guía (no obligatoria),ganado,b,Boro,,5,,,mg/L,,salud,,,Canadian Council of Ministers of the Environment. Canadian Environmental Quality Guidelines: Water Quality Guidelines for the Protection of Agricultural Water Uses — Livestock water (CCREM 1987 y actualizaciones).
ccme_ganado,"CCME · Canadian Water Quality Guidelines, protección de usos agrícolas: bebida de ganado",Nacional · Canadá,Guía (no obligatoria),ganado,cd,Cadmio,,0.08,,,mg/L,,salud,,,Canadian Council of Ministers of the Environment. Canadian Environmental Quality Guidelines: Water Quality Guidelines for the Protection of Agricultural Water Uses — Livestock water (CCREM 1987 y actualizaciones).
ccme_ganado,"CCME · Canadian Water Quality Guidelines, protección de usos agrícolas: bebida de ganado",Nacional · Canadá,Guía (no obligatoria),ganado,cr,Cromo total,,0.05,,,mg/L,,salud,,,Canadian Council of Ministers of the Environment. Canadian Environmental Quality Guidelines: Water Quality Guidelines for the Protection of Agricultural Water Uses — Livestock water (CCREM 1987 y actualizaciones).
ccme_ganado,"CCME · Canadian Water Quality Guidelines, protección de usos agrícolas: bebida de ganado",Nacional · Canadá,Guía (no obligatoria),ganado,co,Cobalto,,1,,,mg/L,,salud,,,Canadian Council of Ministers of the Environment. Canadian Environmental Quality Guidelines: Water Quality Guidelines for the Protection of Agricultural Water Uses — Livestock water (CCREM 1987 y actualizaciones).
ccme_ganado,"CCME · Canadian Water Quality Guidelines, protección de usos agrícolas: bebida de ganado",Nacional · Canadá,Guía (no obligatoria),ganado,cu,Cobre,,,,,mg/L,,salud,"Por especie: ovinos 0,5; bovinos 1; porcinos y aves 5","Por especie: ovinos 0,5; bovinos 1; porcinos y aves 5 mg/l.",Canadian Council of Ministers of the Environment. Canadian Environmental Quality Guidelines: Water Quality Guidelines for the Protection of Agricultural Water Uses — Livestock water (CCREM 1987 y actualizaciones).
ccme_ganado,"CCME · Canadian Water Quality Guidelines, protección de usos agrícolas: bebida de ganado",Nacional · Canadá,Guía (no obligatoria),ganado,f,Fluoruro,,2,,,mg/L,,salud,,"1–2 mg/l; el menor si el alimento también aporta flúor.",Canadian Council of Ministers of the Environment. Canadian Environmental Quality Guidelines: Water Quality Guidelines for the Protection of Agricultural Water Uses — Livestock water (CCREM 1987 y actualizaciones).
ccme_ganado,"CCME · Canadian Water Quality Guidelines, protección de usos agrícolas: bebida de ganado",Nacional · Canadá,Guía (no obligatoria),ganado,pb,Plomo,,0.1,,,mg/L,,salud,,,Canadian Council of Ministers of the Environment. Canadian Environmental Quality Guidelines: Water Quality Guidelines for the Protection of Agricultural Water Uses — Livestock water (CCREM 1987 y actualizaciones).
ccme_ganado,"CCME · Canadian Water Quality Guidelines, protección de usos agrícolas: bebida de ganado",Nacional · Canadá,Guía (no obligatoria),ganado,hg,Mercurio,,0.003,,,mg/L,,salud,,,Canadian Council of Ministers of the Environment. Canadian Environmental Quality Guidelines: Water Quality Guidelines for the Protection of Agricultural Water Uses — Livestock water (CCREM 1987 y actualizaciones).
ccme_ganado,"CCME · Canadian Water Quality Guidelines, protección de usos agrícolas: bebida de ganado",Nacional · Canadá,Guía (no obligatoria),ganado,mo,Molibdeno,,0.5,,,mg/L,,salud,,,Canadian Council of Ministers of the Environment. Canadian Environmental Quality Guidelines: Water Quality Guidelines for the Protection of Agricultural Water Uses — Livestock water (CCREM 1987 y actualizaciones).
ccme_ganado,"CCME · Canadian Water Quality Guidelines, protección de usos agrícolas: bebida de ganado",Nacional · Canadá,Guía (no obligatoria),ganado,ni,Níquel,,1,,,mg/L,,salud,,,Canadian Council of Ministers of the Environment. Canadian Environmental Quality Guidelines: Water Quality Guidelines for the Protection of Agricultural Water Uses — Livestock water (CCREM 1987 y actualizaciones).
ccme_ganado,"CCME · Canadian Water Quality Guidelines, protección de usos agrícolas: bebida de ganado",Nacional · Canadá,Guía (no obligatoria),ganado,no3,Nitrato,,100,,,mg/L,N,salud,,"Nitrato + nitrito, como N. (suma nitrato + nitrito)",Canadian Council of Ministers of the Environment. Canadian Environmental Quality Guidelines: Water Quality Guidelines for the Protection of Agricultural Water Uses — Livestock water (CCREM 1987 y actualizaciones).
ccme_ganado,"CCME · Canadian Water Quality Guidelines, protección de usos agrícolas: bebida de ganado",Nacional · Canadá,Guía (no obligatoria),ganado,no2,Nitrito,,10,,,mg/L,N,salud,,"Nitrito solo, como N.",Canadian Council of Ministers of the Environment. Canadian Environmental Quality Guidelines: Water Quality Guidelines for the Protection of Agricultural Water Uses — Livestock water (CCREM 1987 y actualizaciones).
ccme_ganado,"CCME · Canadian Water Quality Guidelines, protección de usos agrícolas: bebida de ganado",Nacional · Canadá,Guía (no obligatoria),ganado,se,Selenio,,0.05,,,mg/L,,salud,,,Canadian Council of Ministers of the Environment. Canadian Environmental Quality Guidelines: Water Quality Guidelines for the Protection of Agricultural Water Uses — Livestock water (CCREM 1987 y actualizaciones).
ccme_ganado,"CCME · Canadian Water Quality Guidelines, protección de usos agrícolas: bebida de ganado",Nacional · Canadá,Guía (no obligatoria),ganado,so4,Sulfato,,1000,,,mg/L,,salud,,,Canadian Council of Ministers of the Environment. Canadian Environmental Quality Guidelines: Water Quality Guidelines for the Protection of Agricultural Water Uses — Livestock water (CCREM 1987 y actualizaciones).
ccme_ganado,"CCME · Canadian Water Quality Guidelines, protección de usos agrícolas: bebida de ganado",Nacional · Canadá,Guía (no obligatoria),ganado,sdt,Sólidos disueltos totales,,3000,,,mg/L,,salud,,,Canadian Council of Ministers of the Environment. Canadian Environmental Quality Guidelines: Water Quality Guidelines for the Protection of Agricultural Water Uses — Livestock water (CCREM 1987 y actualizaciones).
ccme_ganado,"CCME · Canadian Water Quality Guidelines, protección de usos agrícolas: bebida de ganado",Nacional · Canadá,Guía (no obligatoria),ganado,u,Uranio,,0.2,,,mg/L,,salud,,,Canadian Council of Ministers of the Environment. Canadian Environmental Quality Guidelines: Water Quality Guidelines for the Protection of Agricultural Water Uses — Livestock water (CCREM 1987 y actualizaciones).
ccme_ganado,"CCME · Canadian Water Quality Guidelines, protección de usos agrícolas: bebida de ganado",Nacional · Canadá,Guía (no obligatoria),ganado,v,Vanadio,,0.1,,,mg/L,,salud,,,Canadian Council of Ministers of the Environment. Canadian Environmental Quality Guidelines: Water Quality Guidelines for the Protection of Agricultural Water Uses — Livestock water (CCREM 1987 y actualizaciones).
ccme_ganado,"CCME · Canadian Water Quality Guidelines, protección de usos agrícolas: bebida de ganado",Nacional · Canadá,Guía (no obligatoria),ganado,zn,Cinc,,50,,,mg/L,,salud,,,Canadian Council of Ministers of the Environment. Canadian Environmental Quality Guidelines: Water Quality Guidelines for the Protection of Agricultural Water Uses — Livestock water (CCREM 1987 y actualizaciones).
ccme_ganado,"CCME · Canadian Water Quality Guidelines, protección de usos agrícolas: bebida de ganado",Nacional · Canadá,Guía (no obligatoria),ganado,ca,Calcio,,1000,,,mg/L,,salud,,,Canadian Council of Ministers of the Environment. Canadian Environmental Quality Guidelines: Water Quality Guidelines for the Protection of Agricultural Water Uses — Livestock water (CCREM 1987 y actualizaciones).
anzg_ganado,"ANZECC y ARMCANZ (2000), vigente en ANZG (2018): agua de bebida para ganado",Nacional · Australia y Nueva Zelanda,Guía (no obligatoria),ganado,al,Aluminio,,5,,,mg/L,,salud,,,"ANZECC y ARMCANZ. 2000. Australian and New Zealand Guidelines for Fresh and Marine Water Quality, cap. 4.3 Livestock drinking water quality (tablas 4.3.1 y 4.3.2), vigentes en ANZG 2018. Hay un borrador de actualización (2023)."
anzg_ganado,"ANZECC y ARMCANZ (2000), vigente en ANZG (2018): agua de bebida para ganado",Nacional · Australia y Nueva Zelanda,Guía (no obligatoria),ganado,as,Arsénico,,0.5,,,mg/L,,salud,,Hasta 5 mg/l si el arsénico no se agrega como aditivo del alimento.,"ANZECC y ARMCANZ. 2000. Australian and New Zealand Guidelines for Fresh and Marine Water Quality, cap. 4.3 Livestock drinking water quality (tablas 4.3.1 y 4.3.2), vigentes en ANZG 2018. Hay un borrador de actualización (2023)."
anzg_ganado,"ANZECC y ARMCANZ (2000), vigente en ANZG (2018): agua de bebida para ganado",Nacional · Australia y Nueva Zelanda,Guía (no obligatoria),ganado,b,Boro,,5,,,mg/L,,salud,,,"ANZECC y ARMCANZ. 2000. Australian and New Zealand Guidelines for Fresh and Marine Water Quality, cap. 4.3 Livestock drinking water quality (tablas 4.3.1 y 4.3.2), vigentes en ANZG 2018. Hay un borrador de actualización (2023)."
anzg_ganado,"ANZECC y ARMCANZ (2000), vigente en ANZG (2018): agua de bebida para ganado",Nacional · Australia y Nueva Zelanda,Guía (no obligatoria),ganado,cd,Cadmio,,0.01,,,mg/L,,salud,,,"ANZECC y ARMCANZ. 2000. Australian and New Zealand Guidelines for Fresh and Marine Water Quality, cap. 4.3 Livestock drinking water quality (tablas 4.3.1 y 4.3.2), vigentes en ANZG 2018. Hay un borrador de actualización (2023)."
anzg_ganado,"ANZECC y ARMCANZ (2000), vigente en ANZG (2018): agua de bebida para ganado",Nacional · Australia y Nueva Zelanda,Guía (no obligatoria),ganado,cr,Cromo total,,1,,,mg/L,,salud,,,"ANZECC y ARMCANZ. 2000. Australian and New Zealand Guidelines for Fresh and Marine Water Quality, cap. 4.3 Livestock drinking water quality (tablas 4.3.1 y 4.3.2), vigentes en ANZG 2018. Hay un borrador de actualización (2023)."
anzg_ganado,"ANZECC y ARMCANZ (2000), vigente en ANZG (2018): agua de bebida para ganado",Nacional · Australia y Nueva Zelanda,Guía (no obligatoria),ganado,co,Cobalto,,1,,,mg/L,,salud,,,"ANZECC y ARMCANZ. 2000. Australian and New Zealand Guidelines for Fresh and Marine Water Quality, cap. 4.3 Livestock drinking water quality (tablas 4.3.1 y 4.3.2), vigentes en ANZG 2018. Hay un borrador de actualización (2023)."
anzg_ganado,"ANZECC y ARMCANZ (2000), vigente en ANZG (2018): agua de bebida para ganado",Nacional · Australia y Nueva Zelanda,Guía (no obligatoria),ganado,cu,Cobre,,,,,mg/L,,salud,"Por especie: ovinos 0,4; bovinos 1; porcinos y aves 5","Por especie: ovinos 0,4; bovinos 1; porcinos y aves 5 mg/l.","ANZECC y ARMCANZ. 2000. Australian and New Zealand Guidelines for Fresh and Marine Water Quality, cap. 4.3 Livestock drinking water quality (tablas 4.3.1 y 4.3.2), vigentes en ANZG 2018. Hay un borrador de actualización (2023)."
anzg_ganado,"ANZECC y ARMCANZ (2000), vigente en ANZG (2018): agua de bebida para ganado",Nacional · Australia y Nueva Zelanda,Guía (no obligatoria),ganado,f,Fluoruro,,2,,,mg/L,,salud,,,"ANZECC y ARMCANZ. 2000. Australian and New Zealand Guidelines for Fresh and Marine Water Quality, cap. 4.3 Livestock drinking water quality (tablas 4.3.1 y 4.3.2), vigentes en ANZG 2018. Hay un borrador de actualización (2023)."
anzg_ganado,"ANZECC y ARMCANZ (2000), vigente en ANZG (2018): agua de bebida para ganado",Nacional · Australia y Nueva Zelanda,Guía (no obligatoria),ganado,pb,Plomo,,0.1,,,mg/L,,salud,,,"ANZECC y ARMCANZ. 2000. Australian and New Zealand Guidelines for Fresh and Marine Water Quality, cap. 4.3 Livestock drinking water quality (tablas 4.3.1 y 4.3.2), vigentes en ANZG 2018. Hay un borrador de actualización (2023)."
anzg_ganado,"ANZECC y ARMCANZ (2000), vigente en ANZG (2018): agua de bebida para ganado",Nacional · Australia y Nueva Zelanda,Guía (no obligatoria),ganado,hg,Mercurio,,0.002,,,mg/L,,salud,,,"ANZECC y ARMCANZ. 2000. Australian and New Zealand Guidelines for Fresh and Marine Water Quality, cap. 4.3 Livestock drinking water quality (tablas 4.3.1 y 4.3.2), vigentes en ANZG 2018. Hay un borrador de actualización (2023)."
anzg_ganado,"ANZECC y ARMCANZ (2000), vigente en ANZG (2018): agua de bebida para ganado",Nacional · Australia y Nueva Zelanda,Guía (no obligatoria),ganado,mo,Molibdeno,,0.15,,,mg/L,,salud,,,"ANZECC y ARMCANZ. 2000. Australian and New Zealand Guidelines for Fresh and Marine Water Quality, cap. 4.3 Livestock drinking water quality (tablas 4.3.1 y 4.3.2), vigentes en ANZG 2018. Hay un borrador de actualización (2023)."
anzg_ganado,"ANZECC y ARMCANZ (2000), vigente en ANZG (2018): agua de bebida para ganado",Nacional · Australia y Nueva Zelanda,Guía (no obligatoria),ganado,ni,Níquel,,1,,,mg/L,,salud,,,"ANZECC y ARMCANZ. 2000. Australian and New Zealand Guidelines for Fresh and Marine Water Quality, cap. 4.3 Livestock drinking water quality (tablas 4.3.1 y 4.3.2), vigentes en ANZG 2018. Hay un borrador de actualización (2023)."
anzg_ganado,"ANZECC y ARMCANZ (2000), vigente en ANZG (2018): agua de bebida para ganado",Nacional · Australia y Nueva Zelanda,Guía (no obligatoria),ganado,se,Selenio,,0.02,,,mg/L,,salud,,,"ANZECC y ARMCANZ. 2000. Australian and New Zealand Guidelines for Fresh and Marine Water Quality, cap. 4.3 Livestock drinking water quality (tablas 4.3.1 y 4.3.2), vigentes en ANZG 2018. Hay un borrador de actualización (2023)."
anzg_ganado,"ANZECC y ARMCANZ (2000), vigente en ANZG (2018): agua de bebida para ganado",Nacional · Australia y Nueva Zelanda,Guía (no obligatoria),ganado,u,Uranio,,0.2,,,mg/L,,salud,,,"ANZECC y ARMCANZ. 2000. Australian and New Zealand Guidelines for Fresh and Marine Water Quality, cap. 4.3 Livestock drinking water quality (tablas 4.3.1 y 4.3.2), vigentes en ANZG 2018. Hay un borrador de actualización (2023)."
anzg_ganado,"ANZECC y ARMCANZ (2000), vigente en ANZG (2018): agua de bebida para ganado",Nacional · Australia y Nueva Zelanda,Guía (no obligatoria),ganado,zn,Cinc,,20,,,mg/L,,salud,,,"ANZECC y ARMCANZ. 2000. Australian and New Zealand Guidelines for Fresh and Marine Water Quality, cap. 4.3 Livestock drinking water quality (tablas 4.3.1 y 4.3.2), vigentes en ANZG 2018. Hay un borrador de actualización (2023)."
anzg_ganado,"ANZECC y ARMCANZ (2000), vigente en ANZG (2018): agua de bebida para ganado",Nacional · Australia y Nueva Zelanda,Guía (no obligatoria),ganado,no3,Nitrato,,400,,,mg/L,NO3,salud,,Hasta 1.500 mg/l puede tolerarse si el alimento tiene poco nitrato.,"ANZECC y ARMCANZ. 2000. Australian and New Zealand Guidelines for Fresh and Marine Water Quality, cap. 4.3 Livestock drinking water quality (tablas 4.3.1 y 4.3.2), vigentes en ANZG 2018. Hay un borrador de actualización (2023)."
anzg_ganado,"ANZECC y ARMCANZ (2000), vigente en ANZG (2018): agua de bebida para ganado",Nacional · Australia y Nueva Zelanda,Guía (no obligatoria),ganado,no2,Nitrito,,30,,,mg/L,NO2,salud,,,"ANZECC y ARMCANZ. 2000. Australian and New Zealand Guidelines for Fresh and Marine Water Quality, cap. 4.3 Livestock drinking water quality (tablas 4.3.1 y 4.3.2), vigentes en ANZG 2018. Hay un borrador de actualización (2023)."
anzg_ganado,"ANZECC y ARMCANZ (2000), vigente en ANZG (2018): agua de bebida para ganado",Nacional · Australia y Nueva Zelanda,Guía (no obligatoria),ganado,so4,Sulfato,,1000,,,mg/L,,salud,,"1.000–2.000 mg/l: posibles efectos; > 2.000 mg/l: problemas crónicos o agudos.","ANZECC y ARMCANZ. 2000. Australian and New Zealand Guidelines for Fresh and Marine Water Quality, cap. 4.3 Livestock drinking water quality (tablas 4.3.1 y 4.3.2), vigentes en ANZG 2018. Hay un borrador de actualización (2023)."
anzg_ganado,"ANZECC y ARMCANZ (2000), vigente en ANZG (2018): agua de bebida para ganado",Nacional · Australia y Nueva Zelanda,Guía (no obligatoria),ganado,ca,Calcio,,1000,,,mg/L,,salud,,,"ANZECC y ARMCANZ. 2000. Australian and New Zealand Guidelines for Fresh and Marine Water Quality, cap. 4.3 Livestock drinking water quality (tablas 4.3.1 y 4.3.2), vigentes en ANZG 2018. Hay un borrador de actualización (2023)."
anzg_ganado,"ANZECC y ARMCANZ (2000), vigente en ANZG (2018): agua de bebida para ganado",Nacional · Australia y Nueva Zelanda,Guía (no obligatoria),ganado,sdt,Sólidos disueltos totales,,,,,mg/L,,salud,Por especie: de 2000 a 5000 mg/L,"Sin efectos adversos hasta: bovinos de carne 4.000; de leche 2.500; ovinos 5.000; equinos y porcinos 4.000; aves 2.000 mg/l (tabla 4.3.1).","ANZECC y ARMCANZ. 2000. Australian and New Zealand Guidelines for Fresh and Marine Water Quality, cap. 4.3 Livestock drinking water quality (tablas 4.3.1 y 4.3.2), vigentes en ANZG 2018. Hay un borrador de actualización (2023)."
jp_suido,"Japón · Normas de calidad del agua potable (水質基準, 52 ítems)",Nacional · Japón,Obligatoria para agua de red,consumo,meso,Bacterias aerobias mesófilas,,100,,,UFC/mL,,salud,,Bacterias generales: hasta 100 colonias en 1 mL.,"Ministerio de Medio Ambiente de Japón. 水質基準に関する省令 (Ordenanza sobre normas de calidad del agua potable, Ley de Abastecimiento de Agua, art. 4), tabla de 52 ítems vigente desde el 1/4/2026. La administración del agua potable pasó del MHLW al Ministerio de Medio Ambiente en abril de 2024."
jp_suido,"Japón · Normas de calidad del agua potable (水質基準, 52 ítems)",Nacional · Japón,Obligatoria para agua de red,consumo,ecoli,Escherichia coli,,0,,,UFC/100 mL,,salud,,No detectable.,"Ministerio de Medio Ambiente de Japón. 水質基準に関する省令 (Ordenanza sobre normas de calidad del agua potable, Ley de Abastecimiento de Agua, art. 4), tabla de 52 ítems vigente desde el 1/4/2026. La administración del agua potable pasó del MHLW al Ministerio de Medio Ambiente en abril de 2024."
jp_suido,"Japón · Normas de calidad del agua potable (水質基準, 52 ítems)",Nacional · Japón,Obligatoria para agua de red,consumo,cd,Cadmio,,0.003,,,mg/L,,salud,,,"Ministerio de Medio Ambiente de Japón. 水質基準に関する省令 (Ordenanza sobre normas de calidad del agua potable, Ley de Abastecimiento de Agua, art. 4), tabla de 52 ítems vigente desde el 1/4/2026. La administración del agua potable pasó del MHLW al Ministerio de Medio Ambiente en abril de 2024."
jp_suido,"Japón · Normas de calidad del agua potable (水質基準, 52 ítems)",Nacional · Japón,Obligatoria para agua de red,consumo,hg,Mercurio,,0.0005,,,mg/L,,salud,,,"Ministerio de Medio Ambiente de Japón. 水質基準に関する省令 (Ordenanza sobre normas de calidad del agua potable, Ley de Abastecimiento de Agua, art. 4), tabla de 52 ítems vigente desde el 1/4/2026. La administración del agua potable pasó del MHLW al Ministerio de Medio Ambiente en abril de 2024."
jp_suido,"Japón · Normas de calidad del agua potable (水質基準, 52 ítems)",Nacional · Japón,Obligatoria para agua de red,consumo,se,Selenio,,0.01,,,mg/L,,salud,,,"Ministerio de Medio Ambiente de Japón. 水質基準に関する省令 (Ordenanza sobre normas de calidad del agua potable, Ley de Abastecimiento de Agua, art. 4), tabla de 52 ítems vigente desde el 1/4/2026. La administración del agua potable pasó del MHLW al Ministerio de Medio Ambiente en abril de 2024."
jp_suido,"Japón · Normas de calidad del agua potable (水質基準, 52 ítems)",Nacional · Japón,Obligatoria para agua de red,consumo,pb,Plomo,,0.01,,,mg/L,,salud,,,"Ministerio de Medio Ambiente de Japón. 水質基準に関する省令 (Ordenanza sobre normas de calidad del agua potable, Ley de Abastecimiento de Agua, art. 4), tabla de 52 ítems vigente desde el 1/4/2026. La administración del agua potable pasó del MHLW al Ministerio de Medio Ambiente en abril de 2024."
jp_suido,"Japón · Normas de calidad del agua potable (水質基準, 52 ítems)",Nacional · Japón,Obligatoria para agua de red,consumo,as,Arsénico,,0.01,,,mg/L,,salud,,,"Ministerio de Medio Ambiente de Japón. 水質基準に関する省令 (Ordenanza sobre normas de calidad del agua potable, Ley de Abastecimiento de Agua, art. 4), tabla de 52 ítems vigente desde el 1/4/2026. La administración del agua potable pasó del MHLW al Ministerio de Medio Ambiente en abril de 2024."
jp_suido,"Japón · Normas de calidad del agua potable (水質基準, 52 ítems)",Nacional · Japón,Obligatoria para agua de red,consumo,cr6,Cromo hexavalente,,0.02,,,mg/L,,salud,,,"Ministerio de Medio Ambiente de Japón. 水質基準に関する省令 (Ordenanza sobre normas de calidad del agua potable, Ley de Abastecimiento de Agua, art. 4), tabla de 52 ítems vigente desde el 1/4/2026. La administración del agua potable pasó del MHLW al Ministerio de Medio Ambiente en abril de 2024."
jp_suido,"Japón · Normas de calidad del agua potable (水質基準, 52 ítems)",Nacional · Japón,Obligatoria para agua de red,consumo,no2,Nitrito,,0.04,,,mg/L,N,salud,,Nitrito como N.,"Ministerio de Medio Ambiente de Japón. 水質基準に関する省令 (Ordenanza sobre normas de calidad del agua potable, Ley de Abastecimiento de Agua, art. 4), tabla de 52 ítems vigente desde el 1/4/2026. La administración del agua potable pasó del MHLW al Ministerio de Medio Ambiente en abril de 2024."
jp_suido,"Japón · Normas de calidad del agua potable (水質基準, 52 ítems)",Nacional · Japón,Obligatoria para agua de red,consumo,cn,Cianuro,,0.01,,,mg/L,,salud,,"Ion cianuro y cloruro de cianógeno, como cianuro.","Ministerio de Medio Ambiente de Japón. 水質基準に関する省令 (Ordenanza sobre normas de calidad del agua potable, Ley de Abastecimiento de Agua, art. 4), tabla de 52 ítems vigente desde el 1/4/2026. La administración del agua potable pasó del MHLW al Ministerio de Medio Ambiente en abril de 2024."
jp_suido,"Japón · Normas de calidad del agua potable (水質基準, 52 ítems)",Nacional · Japón,Obligatoria para agua de red,consumo,no3,Nitrato,,10,,,mg/L,N,salud,,"Nitrato + nitrito, como N. (suma nitrato + nitrito)","Ministerio de Medio Ambiente de Japón. 水質基準に関する省令 (Ordenanza sobre normas de calidad del agua potable, Ley de Abastecimiento de Agua, art. 4), tabla de 52 ítems vigente desde el 1/4/2026. La administración del agua potable pasó del MHLW al Ministerio de Medio Ambiente en abril de 2024."
jp_suido,"Japón · Normas de calidad del agua potable (水質基準, 52 ítems)",Nacional · Japón,Obligatoria para agua de red,consumo,f,Fluoruro,,0.8,,,mg/L,,salud,,,"Ministerio de Medio Ambiente de Japón. 水質基準に関する省令 (Ordenanza sobre normas de calidad del agua potable, Ley de Abastecimiento de Agua, art. 4), tabla de 52 ítems vigente desde el 1/4/2026. La administración del agua potable pasó del MHLW al Ministerio de Medio Ambiente en abril de 2024."
jp_suido,"Japón · Normas de calidad del agua potable (水質基準, 52 ítems)",Nacional · Japón,Obligatoria para agua de red,consumo,b,Boro,,1,,,mg/L,,salud,,,"Ministerio de Medio Ambiente de Japón. 水質基準に関する省令 (Ordenanza sobre normas de calidad del agua potable, Ley de Abastecimiento de Agua, art. 4), tabla de 52 ítems vigente desde el 1/4/2026. La administración del agua potable pasó del MHLW al Ministerio de Medio Ambiente en abril de 2024."
jp_suido,"Japón · Normas de calidad del agua potable (水質基準, 52 ítems)",Nacional · Japón,Obligatoria para agua de red,consumo,pfas,PFOS + PFOA (suma),,0.00005,,,mg/L,,salud,,Suma de PFOS y PFOA: 50 ng/L. Pasó de objetivo a norma el 1/4/2026.,"Ministerio de Medio Ambiente de Japón. 水質基準に関する省令 (Ordenanza sobre normas de calidad del agua potable, Ley de Abastecimiento de Agua, art. 4), tabla de 52 ítems vigente desde el 1/4/2026. La administración del agua potable pasó del MHLW al Ministerio de Medio Ambiente en abril de 2024."
jp_suido,"Japón · Normas de calidad del agua potable (水質基準, 52 ítems)",Nacional · Japón,Obligatoria para agua de red,consumo,bro3,Bromato,,0.01,,,mg/L,,salud,,,"Ministerio de Medio Ambiente de Japón. 水質基準に関する省令 (Ordenanza sobre normas de calidad del agua potable, Ley de Abastecimiento de Agua, art. 4), tabla de 52 ítems vigente desde el 1/4/2026. La administración del agua potable pasó del MHLW al Ministerio de Medio Ambiente en abril de 2024."
jp_suido,"Japón · Normas de calidad del agua potable (水質基準, 52 ítems)",Nacional · Japón,Obligatoria para agua de red,consumo,zn,Cinc,,1,,,mg/L,,estetico,,,"Ministerio de Medio Ambiente de Japón. 水質基準に関する省令 (Ordenanza sobre normas de calidad del agua potable, Ley de Abastecimiento de Agua, art. 4), tabla de 52 ítems vigente desde el 1/4/2026. La administración del agua potable pasó del MHLW al Ministerio de Medio Ambiente en abril de 2024."
jp_suido,"Japón · Normas de calidad del agua potable (水質基準, 52 ítems)",Nacional · Japón,Obligatoria para agua de red,consumo,al,Aluminio,,0.2,,,mg/L,,estetico,,,"Ministerio de Medio Ambiente de Japón. 水質基準に関する省令 (Ordenanza sobre normas de calidad del agua potable, Ley de Abastecimiento de Agua, art. 4), tabla de 52 ítems vigente desde el 1/4/2026. La administración del agua potable pasó del MHLW al Ministerio de Medio Ambiente en abril de 2024."
jp_suido,"Japón · Normas de calidad del agua potable (水質基準, 52 ítems)",Nacional · Japón,Obligatoria para agua de red,consumo,fe,Hierro,,0.3,,,mg/L,,estetico,,,"Ministerio de Medio Ambiente de Japón. 水質基準に関する省令 (Ordenanza sobre normas de calidad del agua potable, Ley de Abastecimiento de Agua, art. 4), tabla de 52 ítems vigente desde el 1/4/2026. La administración del agua potable pasó del MHLW al Ministerio de Medio Ambiente en abril de 2024."
jp_suido,"Japón · Normas de calidad del agua potable (水質基準, 52 ítems)",Nacional · Japón,Obligatoria para agua de red,consumo,cu,Cobre,,1,,,mg/L,,estetico,,,"Ministerio de Medio Ambiente de Japón. 水質基準に関する省令 (Ordenanza sobre normas de calidad del agua potable, Ley de Abastecimiento de Agua, art. 4), tabla de 52 ítems vigente desde el 1/4/2026. La administración del agua potable pasó del MHLW al Ministerio de Medio Ambiente en abril de 2024."
jp_suido,"Japón · Normas de calidad del agua potable (水質基準, 52 ítems)",Nacional · Japón,Obligatoria para agua de red,consumo,na,Sodio,,200,,,mg/L,,estetico,,,"Ministerio de Medio Ambiente de Japón. 水質基準に関する省令 (Ordenanza sobre normas de calidad del agua potable, Ley de Abastecimiento de Agua, art. 4), tabla de 52 ítems vigente desde el 1/4/2026. La administración del agua potable pasó del MHLW al Ministerio de Medio Ambiente en abril de 2024."
jp_suido,"Japón · Normas de calidad del agua potable (水質基準, 52 ítems)",Nacional · Japón,Obligatoria para agua de red,consumo,mn,Manganeso,,0.05,,,mg/L,,estetico,,,"Ministerio de Medio Ambiente de Japón. 水質基準に関する省令 (Ordenanza sobre normas de calidad del agua potable, Ley de Abastecimiento de Agua, art. 4), tabla de 52 ítems vigente desde el 1/4/2026. La administración del agua potable pasó del MHLW al Ministerio de Medio Ambiente en abril de 2024."
jp_suido,"Japón · Normas de calidad del agua potable (水質基準, 52 ítems)",Nacional · Japón,Obligatoria para agua de red,consumo,cl,Cloruro,,200,,,mg/L,,estetico,,,"Ministerio de Medio Ambiente de Japón. 水質基準に関する省令 (Ordenanza sobre normas de calidad del agua potable, Ley de Abastecimiento de Agua, art. 4), tabla de 52 ítems vigente desde el 1/4/2026. La administración del agua potable pasó del MHLW al Ministerio de Medio Ambiente en abril de 2024."
jp_suido,"Japón · Normas de calidad del agua potable (水質基準, 52 ítems)",Nacional · Japón,Obligatoria para agua de red,consumo,dureza,Dureza total,,300,,,mg/L CaCO₃,,estetico,,"Calcio, magnesio, etc. (dureza).","Ministerio de Medio Ambiente de Japón. 水質基準に関する省令 (Ordenanza sobre normas de calidad del agua potable, Ley de Abastecimiento de Agua, art. 4), tabla de 52 ítems vigente desde el 1/4/2026. La administración del agua potable pasó del MHLW al Ministerio de Medio Ambiente en abril de 2024."
jp_suido,"Japón · Normas de calidad del agua potable (水質基準, 52 ítems)",Nacional · Japón,Obligatoria para agua de red,consumo,sdt,Sólidos disueltos totales,,500,,,mg/L,,estetico,,Residuo por evaporación (蒸発残留物): se compara con los sólidos disueltos totales.,"Ministerio de Medio Ambiente de Japón. 水質基準に関する省令 (Ordenanza sobre normas de calidad del agua potable, Ley de Abastecimiento de Agua, art. 4), tabla de 52 ítems vigente desde el 1/4/2026. La administración del agua potable pasó del MHLW al Ministerio de Medio Ambiente en abril de 2024."
jp_suido,"Japón · Normas de calidad del agua potable (水質基準, 52 ítems)",Nacional · Japón,Obligatoria para agua de red,consumo,cot,Carbono orgánico total,,3,,,mg/L,,operativo,,Materia orgánica como carbono orgánico total.,"Ministerio de Medio Ambiente de Japón. 水質基準に関する省令 (Ordenanza sobre normas de calidad del agua potable, Ley de Abastecimiento de Agua, art. 4), tabla de 52 ítems vigente desde el 1/4/2026. La administración del agua potable pasó del MHLW al Ministerio de Medio Ambiente en abril de 2024."
jp_suido,"Japón · Normas de calidad del agua potable (水質基準, 52 ítems)",Nacional · Japón,Obligatoria para agua de red,consumo,ph,pH,5.8,8.6,,,unid. pH,,operativo,,,"Ministerio de Medio Ambiente de Japón. 水質基準に関する省令 (Ordenanza sobre normas de calidad del agua potable, Ley de Abastecimiento de Agua, art. 4), tabla de 52 ítems vigente desde el 1/4/2026. La administración del agua potable pasó del MHLW al Ministerio de Medio Ambiente en abril de 2024."
jp_suido,"Japón · Normas de calidad del agua potable (水質基準, 52 ítems)",Nacional · Japón,Obligatoria para agua de red,consumo,color,Color,,5,,,Pt-Co,,estetico,,5 grados de color.,"Ministerio de Medio Ambiente de Japón. 水質基準に関する省令 (Ordenanza sobre normas de calidad del agua potable, Ley de Abastecimiento de Agua, art. 4), tabla de 52 ítems vigente desde el 1/4/2026. La administración del agua potable pasó del MHLW al Ministerio de Medio Ambiente en abril de 2024."
jp_suido,"Japón · Normas de calidad del agua potable (水質基準, 52 ítems)",Nacional · Japón,Obligatoria para agua de red,consumo,turb,Turbiedad,,2,,,NTU,,estetico,,2 grados de turbiedad.,"Ministerio de Medio Ambiente de Japón. 水質基準に関する省令 (Ordenanza sobre normas de calidad del agua potable, Ley de Abastecimiento de Agua, art. 4), tabla de 52 ítems vigente desde el 1/4/2026. La administración del agua potable pasó del MHLW al Ministerio de Medio Ambiente en abril de 2024."
jp_eqs_salud,"Japón · Estándares de calidad ambiental del agua, protección de la salud humana (環境基準・健康項目)",Nacional · Japón,Estándar ambiental (objetivo de gestión),ambiental,cd,Cadmio,,0.003,,,mg/L,,salud,,,"Ministerio de Medio Ambiente de Japón. 水質汚濁に係る環境基準 (Notificación 59 de la Agencia de Medio Ambiente, 1971, y modificaciones), anexo 1. Cadmio revisado en 2011; cromo hexavalente 0,02 mg/L desde el 1/4/2022."
jp_eqs_salud,"Japón · Estándares de calidad ambiental del agua, protección de la salud humana (環境基準・健康項目)",Nacional · Japón,Estándar ambiental (objetivo de gestión),ambiental,pb,Plomo,,0.01,,,mg/L,,salud,,,"Ministerio de Medio Ambiente de Japón. 水質汚濁に係る環境基準 (Notificación 59 de la Agencia de Medio Ambiente, 1971, y modificaciones), anexo 1. Cadmio revisado en 2011; cromo hexavalente 0,02 mg/L desde el 1/4/2022."
jp_eqs_salud,"Japón · Estándares de calidad ambiental del agua, protección de la salud humana (環境基準・健康項目)",Nacional · Japón,Estándar ambiental (objetivo de gestión),ambiental,cr6,Cromo hexavalente,,0.02,,,mg/L,,salud,,,"Ministerio de Medio Ambiente de Japón. 水質汚濁に係る環境基準 (Notificación 59 de la Agencia de Medio Ambiente, 1971, y modificaciones), anexo 1. Cadmio revisado en 2011; cromo hexavalente 0,02 mg/L desde el 1/4/2022."
jp_eqs_salud,"Japón · Estándares de calidad ambiental del agua, protección de la salud humana (環境基準・健康項目)",Nacional · Japón,Estándar ambiental (objetivo de gestión),ambiental,as,Arsénico,,0.01,,,mg/L,,salud,,,"Ministerio de Medio Ambiente de Japón. 水質汚濁に係る環境基準 (Notificación 59 de la Agencia de Medio Ambiente, 1971, y modificaciones), anexo 1. Cadmio revisado en 2011; cromo hexavalente 0,02 mg/L desde el 1/4/2022."
jp_eqs_salud,"Japón · Estándares de calidad ambiental del agua, protección de la salud humana (環境基準・健康項目)",Nacional · Japón,Estándar ambiental (objetivo de gestión),ambiental,hg,Mercurio,,0.0005,,,mg/L,,salud,,Mercurio total.,"Ministerio de Medio Ambiente de Japón. 水質汚濁に係る環境基準 (Notificación 59 de la Agencia de Medio Ambiente, 1971, y modificaciones), anexo 1. Cadmio revisado en 2011; cromo hexavalente 0,02 mg/L desde el 1/4/2022."
jp_eqs_salud,"Japón · Estándares de calidad ambiental del agua, protección de la salud humana (環境基準・健康項目)",Nacional · Japón,Estándar ambiental (objetivo de gestión),ambiental,cn,Cianuro,,0.1,,,mg/L,,salud,,"«No detectable» con límite de cuantificación 0,1 mg/L: se considera que supera si se cuantifica.","Ministerio de Medio Ambiente de Japón. 水質汚濁に係る環境基準 (Notificación 59 de la Agencia de Medio Ambiente, 1971, y modificaciones), anexo 1. Cadmio revisado en 2011; cromo hexavalente 0,02 mg/L desde el 1/4/2022."
jp_eqs_salud,"Japón · Estándares de calidad ambiental del agua, protección de la salud humana (環境基準・健康項目)",Nacional · Japón,Estándar ambiental (objetivo de gestión),ambiental,no3,Nitrato,,10,,,mg/L,N,salud,,"Nitrato + nitrito, como N. (suma nitrato + nitrito)","Ministerio de Medio Ambiente de Japón. 水質汚濁に係る環境基準 (Notificación 59 de la Agencia de Medio Ambiente, 1971, y modificaciones), anexo 1. Cadmio revisado en 2011; cromo hexavalente 0,02 mg/L desde el 1/4/2022."
jp_eqs_salud,"Japón · Estándares de calidad ambiental del agua, protección de la salud humana (環境基準・健康項目)",Nacional · Japón,Estándar ambiental (objetivo de gestión),ambiental,f,Fluoruro,,0.8,,,mg/L,,salud,,No se aplica en el mar.,"Ministerio de Medio Ambiente de Japón. 水質汚濁に係る環境基準 (Notificación 59 de la Agencia de Medio Ambiente, 1971, y modificaciones), anexo 1. Cadmio revisado en 2011; cromo hexavalente 0,02 mg/L desde el 1/4/2022."
jp_eqs_salud,"Japón · Estándares de calidad ambiental del agua, protección de la salud humana (環境基準・健康項目)",Nacional · Japón,Estándar ambiental (objetivo de gestión),ambiental,b,Boro,,1,,,mg/L,,salud,,No se aplica en el mar.,"Ministerio de Medio Ambiente de Japón. 水質汚濁に係る環境基準 (Notificación 59 de la Agencia de Medio Ambiente, 1971, y modificaciones), anexo 1. Cadmio revisado en 2011; cromo hexavalente 0,02 mg/L desde el 1/4/2022."
jp_eqs_salud,"Japón · Estándares de calidad ambiental del agua, protección de la salud humana (環境基準・健康項目)",Nacional · Japón,Estándar ambiental (objetivo de gestión),ambiental,se,Selenio,,0.01,,,mg/L,,salud,,,"Ministerio de Medio Ambiente de Japón. 水質汚濁に係る環境基準 (Notificación 59 de la Agencia de Medio Ambiente, 1971, y modificaciones), anexo 1. Cadmio revisado en 2011; cromo hexavalente 0,02 mg/L desde el 1/4/2022."
jp_rio,"Japón · Estándares de calidad ambiental para ríos, conservación del ambiente de vida (環境基準・生活環境項目, clases AA a E)",Nacional · Japón,Estándar ambiental por clase de río,ambiental,ph,pH,,,,,unid. pH,,salud,Según clase de río AA–E,,"Ministerio de Medio Ambiente de Japón. 水質汚濁に係る環境基準, anexo 2, tabla ア (ríos). E. coli reemplaza a los coliformes totales desde el 1/4/2022."
jp_rio,"Japón · Estándares de calidad ambiental para ríos, conservación del ambiente de vida (環境基準・生活環境項目, clases AA a E)",Nacional · Japón,Estándar ambiental por clase de río,ambiental,dbo,DBO₅,,,,,mg/L,,salud,Según clase de río AA–E,,"Ministerio de Medio Ambiente de Japón. 水質汚濁に係る環境基準, anexo 2, tabla ア (ríos). E. coli reemplaza a los coliformes totales desde el 1/4/2022."
jp_rio,"Japón · Estándares de calidad ambiental para ríos, conservación del ambiente de vida (環境基準・生活環境項目, clases AA a E)",Nacional · Japón,Estándar ambiental por clase de río,ambiental,sst,Sólidos suspendidos totales,,,,,mg/L,,salud,Según clase de río AA–E,,"Ministerio de Medio Ambiente de Japón. 水質汚濁に係る環境基準, anexo 2, tabla ア (ríos). E. coli reemplaza a los coliformes totales desde el 1/4/2022."
jp_rio,"Japón · Estándares de calidad ambiental para ríos, conservación del ambiente de vida (環境基準・生活環境項目, clases AA a E)",Nacional · Japón,Estándar ambiental por clase de río,ambiental,od,Oxígeno disuelto,,,,,mg/L,,salud,Según clase de río AA–E,,"Ministerio de Medio Ambiente de Japón. 水質汚濁に係る環境基準, anexo 2, tabla ア (ríos). E. coli reemplaza a los coliformes totales desde el 1/4/2022."
jp_rio,"Japón · Estándares de calidad ambiental para ríos, conservación del ambiente de vida (環境基準・生活環境項目, clases AA a E)",Nacional · Japón,Estándar ambiental por clase de río,ambiental,ecoli,Escherichia coli,,,,,UFC/100 mL,,salud,Según clase de río AA–E,"En la norma se evalúa como valor del 90 % de los muestreos del año; con muestras sueltas la comparación es orientativa.","Ministerio de Medio Ambiente de Japón. 水質汚濁に係る環境基準, anexo 2, tabla ア (ríos). E. coli reemplaza a los coliformes totales desde el 1/4/2022."
jp_biota,Japón · Estándar ambiental para la conservación de organismos acuáticos en ríos (tabla イ),Nacional · Japón,Estándar ambiental (biota acuática),acuatica,zn,Cinc,,0.03,,,mg/L,,salud,,"Cinc total, promedio anual, igual en las clases 生物A, 生物特A, 生物B y 生物特B.","Ministerio de Medio Ambiente de Japón. 水質汚濁に係る環境基準, anexo 2, tabla イ (ríos): cinc total 0,03 mg/L en todas las clases de biota; nonilfenol y LAS no están en Kenti."
jp_ind,"Japón · Clases de río aptas para agua industrial (clases C, D y E del estándar ambiental)",Nacional · Japón,Estándar ambiental por clase de río (uso industrial),industrial,ph,pH,,,,,unid. pH,,salud,Según clase de agua industrial 1–3,,"Ministerio de Medio Ambiente de Japón. 水質汚濁に係る環境基準, anexo 2, tabla ア: agua industrial clase 1 (tratamiento común de sedimentación) en ríos clase C; clase 2 (tratamiento con reactivos) en clase D; clase 3 (tratamiento especial) en clase E."
jp_ind,"Japón · Clases de río aptas para agua industrial (clases C, D y E del estándar ambiental)",Nacional · Japón,Estándar ambiental por clase de río (uso industrial),industrial,dbo,DBO₅,,,,,mg/L,,salud,Según clase de agua industrial 1–3,,"Ministerio de Medio Ambiente de Japón. 水質汚濁に係る環境基準, anexo 2, tabla ア: agua industrial clase 1 (tratamiento común de sedimentación) en ríos clase C; clase 2 (tratamiento con reactivos) en clase D; clase 3 (tratamiento especial) en clase E."
jp_ind,"Japón · Clases de río aptas para agua industrial (clases C, D y E del estándar ambiental)",Nacional · Japón,Estándar ambiental por clase de río (uso industrial),industrial,sst,Sólidos suspendidos totales,,,,,mg/L,,salud,Según clase de agua industrial 1–3,,"Ministerio de Medio Ambiente de Japón. 水質汚濁に係る環境基準, anexo 2, tabla ア: agua industrial clase 1 (tratamiento común de sedimentación) en ríos clase C; clase 2 (tratamiento con reactivos) en clase D; clase 3 (tratamiento especial) en clase E."
jp_ind,"Japón · Clases de río aptas para agua industrial (clases C, D y E del estándar ambiental)",Nacional · Japón,Estándar ambiental por clase de río (uso industrial),industrial,od,Oxígeno disuelto,,,,,mg/L,,salud,Según clase de agua industrial 1–3,,"Ministerio de Medio Ambiente de Japón. 水質汚濁に係る環境基準, anexo 2, tabla ア: agua industrial clase 1 (tratamiento común de sedimentación) en ríos clase C; clase 2 (tratamiento con reactivos) en clase D; clase 3 (tratamiento especial) en clase E."
jp_riego,Japón · Norma de agua para riego de arroz (農業（水稲）用水基準),Nacional · Japón,Guía técnica (no obligatoria),riego,ph,pH,6,7.5,,,unid. pH,,salud,,,"Consejo de Investigación Técnica en Agricultura, Silvicultura y Pesca de Japón (農林水産技術会議), 4/10/1971. Norma de referencia para agua de riego de arroz."
jp_riego,Japón · Norma de agua para riego de arroz (農業（水稲）用水基準),Nacional · Japón,Guía técnica (no obligatoria),riego,codmn,DQO al permanganato (COD-Mn),,6,,,mg/L,,salud,,"DQO al permanganato (método japonés), no al dicromato.","Consejo de Investigación Técnica en Agricultura, Silvicultura y Pesca de Japón (農林水産技術会議), 4/10/1971. Norma de referencia para agua de riego de arroz."
jp_riego,Japón · Norma de agua para riego de arroz (農業（水稲）用水基準),Nacional · Japón,Guía técnica (no obligatoria),riego,sst,Sólidos suspendidos totales,,100,,,mg/L,,salud,,,"Consejo de Investigación Técnica en Agricultura, Silvicultura y Pesca de Japón (農林水産技術会議), 4/10/1971. Norma de referencia para agua de riego de arroz."
jp_riego,Japón · Norma de agua para riego de arroz (農業（水稲）用水基準),Nacional · Japón,Guía técnica (no obligatoria),riego,od,Oxígeno disuelto,5,,,,mg/L,,salud,,,"Consejo de Investigación Técnica en Agricultura, Silvicultura y Pesca de Japón (農林水産技術会議), 4/10/1971. Norma de referencia para agua de riego de arroz."
jp_riego,Japón · Norma de agua para riego de arroz (農業（水稲）用水基準),Nacional · Japón,Guía técnica (no obligatoria),riego,nt,Nitrógeno total,,1,,,mg/L,,salud,,Nitrógeno total.,"Consejo de Investigación Técnica en Agricultura, Silvicultura y Pesca de Japón (農林水産技術会議), 4/10/1971. Norma de referencia para agua de riego de arroz."
jp_riego,Japón · Norma de agua para riego de arroz (農業（水稲）用水基準),Nacional · Japón,Guía técnica (no obligatoria),riego,ce,Conductividad eléctrica,,300,,,µS/cm,,salud,,"0,3 mS/cm.","Consejo de Investigación Técnica en Agricultura, Silvicultura y Pesca de Japón (農林水産技術会議), 4/10/1971. Norma de referencia para agua de riego de arroz."
jp_riego,Japón · Norma de agua para riego de arroz (農業（水稲）用水基準),Nacional · Japón,Guía técnica (no obligatoria),riego,as,Arsénico,,0.05,,,mg/L,,salud,,,"Consejo de Investigación Técnica en Agricultura, Silvicultura y Pesca de Japón (農林水産技術会議), 4/10/1971. Norma de referencia para agua de riego de arroz."
jp_riego,Japón · Norma de agua para riego de arroz (農業（水稲）用水基準),Nacional · Japón,Guía técnica (no obligatoria),riego,zn,Cinc,,0.5,,,mg/L,,salud,,,"Consejo de Investigación Técnica en Agricultura, Silvicultura y Pesca de Japón (農林水産技術会議), 4/10/1971. Norma de referencia para agua de riego de arroz."
jp_riego,Japón · Norma de agua para riego de arroz (農業（水稲）用水基準),Nacional · Japón,Guía técnica (no obligatoria),riego,cu,Cobre,,0.02,,,mg/L,,salud,,,"Consejo de Investigación Técnica en Agricultura, Silvicultura y Pesca de Japón (農林水産技術会議), 4/10/1971. Norma de referencia para agua de riego de arroz."
